url	title	body	keywords
			
https://www.timesnewroman.ro/life-death/au-inceput-programarile-la-vaccinare-10-probleme-din-prima-zi/	Au început programările la vaccinare. 10 probleme din prima zi	• Pentru că programările se fac în ordinea alfabetică a județelor, Vâlcea și Vaslui s-au redenumit rapid Âlcea și Aslui;• Un român a reuşit să intre pe platformă, dar n-a mai reuşit să iasă şi e deja programat la 300 de vaccinuri;• Cel mai popular vaccin e Pfizer, urmat de Internal Server Error şi 404 Invalid Page;• STS avertizează: circulă deja un spam cu prinţul nigerian care a moştenit 3 milioane de doze de vaccin;• Turismul a înflorit! Sunt mai mulţi români în city break la Dărăbani decât la Paris;• Locuitorii din Flămânzi ne roagă să aducem şi ceva de mâncare când venim la vaccin;• Colonelul Gheorghiţă a fost în sfârşit crescut în grad. Acum e colonelul Gheorghe;• Mesajul lui Iohannis: ”Dragi români, dacă nu găsiți locuri la programare, înseamnă că au fost ocupate de pesediști!”;• Orice ar fi, nu vă programaţi la Mediaş, e o capcană;• Mânării la vaccin: s-au alocat mii de doze într-un județ care nu există, Sălaj.    	pentru, programările, ordinea, alfabetică, județelor, vâlcea, vaslui, redenumit, rapid, Âlcea, aslui•, român, reuşit, intre, platformă, iasă, programat, vaccinuri•, popular, vaccin, pfizer, urmat, internal, server, error
			
https://www.timesnewroman.ro/monden/canibalii-misogini-din-medias-sustin-ca-locul-femeii-e-in-cratita/	Canibalii misogini din Mediaş susţin că locul femeii e în cratiţă	Scandal în Mediaș, după ce un respectat canibal local, Euxenţiu Mogoş, a făcut o declarație considerată de unii misogină. Acesta nu a spus decât că locul femeii este în cratiță, afirmație cu care și alți canibali medieșeni s-au declarat de acord, dar care a și stârnit furia femeilor din localitate.   „Nu credeam că în secolul XXI mai pot exista asemenea manifestări de misoginism – și cu atât mai puțin în cadrul comunității noastre de antropofagi“, s-a plâns lidera femeilor canibale din Mediaș, Medeea Meseșan. „Suntem egalii bărbaților, așa că locul nostru e la masă împreună cu ei, nu în cratiță. Vrem să ținem furculița în mână, nu să fim la capătul ei.“Euxențiu Mogoș insistă însă că afirmația sa nu are nicio legătură cu misoginismul. „Dimpotrivă!“, susține canibalul. „Eu am adus un elogiu femeii, despre care am spus că este mai gustoasă decât bărbatul. Păcat că niște cuvinte așa frumoase spuse despre femei au fost răstălmăcite brutal și catalogate ca fiind misogine. Sincer vă spun, mi-a pierit pofta de mâncare când am auzit de ce sunt acuzat.“ 	scandal, mediaș, după, respectat, canibal, local, euxenţiu, mogoş, făcut, declarație, considerată, misogină, acesta, decât, locul, femeii, cratiță, afirmație, alți, canibali, medieșeni, declarat, acord, stârnit, furia
			
https://www.timesnewroman.ro/monden/nea-costel-lanseaza-un-volum-de-poezie-sub-pseudonimul-betiv-cel-naiv/	Nea Costel lansează un volum de poezie sub pseudonimul Bețiv cel Naiv	Încurajat de popularitatea neașteptată din ultima vreme, cunoscutul bețiv nea Costel, care se pune în fiecare seară în cap cu colegii de la birtul din strada Cuza a anunțat că va lansa un volum de pozele. Pentru operă, acesta și-a ales numele de Bețiv cel Naiv, să prindă și el trendul.   Este vorba de un volum de poezie cu rimă și meșteșug, în care duioșia retardată a autorului va fi transpusă în versuri la care nici măcar Flick Domnu’ Rimă n-ar putea visa. „Să se pișe grasele și corporatistele”, a explicat nea Costel motivația principală a volumului său.Acesta a precizat că va introduce și niște lirică subversivă, ceva cu oprimare și durere ascunsă, să prindă o recenzie pozitivă și în Scena9. „Am vreo câteva poezii în care pretind că sunt o femeie prizonieră în trupul unui drojdier care mă îneacă în fiecare seară. E și cu secvențe ego-porno, să juiseze eunucii și fanele lui Houellebecqe și-s fără rimă sau ritm, că e vorba doar de simțire nefiltrată prin convenții, lirică pură. E meta-conformism, sunteți obișnuiți cu asta histrioni incognito”. 	Încurajat, popularitatea, neașteptată, ultima, vreme, cunoscutul, bețiv, costel, fiecare, seară, colegii, birtul, strada, anunțat, lansa, volum, pozele, pentru, operă, acesta, și-a, numele, bețiv, prindă, trenduleste
			
https://www.timesnewroman.ro/life-death/duminica-verde-la-patriarhie-azi-in-cutia-milei-se-pot-baga-doar-dolari/	Duminica Verde la Patriarhie. Azi în cutia milei se pot băga doar dolari	BOR se alătură demersulului Ministerului Mediului, de reducere a amprentei de carbon și a anunțat că azi se la cutia milei se pot băga doar dolari. Demersul are logică, întrucât în bani absoluți, dolarii sunt mai valoroși decât leii, cu 10 dolari iei mai mult aur pentru turlă decât cu 10 lei.   Nici cei mai săraci dintre donatori nu au fost uitați, ei putând să-și pună în continuare bancnotele de 1 leu care sunt tot verzi. Tot pentru reducerea poluării, numeroși ierarhi de grad înalt nu au venit azi la slujbe cu limuzine de lux ci au preferat să vină transportați călare pe un enoriaș, cam cum a intrat Iisus în Ierusalim.În predica de azi Patriarhul a reiterat ideea că banul este ochiul dracului și dacă oamenii or să se gândească încontinuu la câți bani ia Biserica și să-i calculeze toată ziua nu vor avea parte decât de nefericire. Pentru a atinge pacea sufletească, omul cu credință în Dumnezeu ar trebui mai întâi să-și numere banii proprii, să vadă de ce n-are, dacă-i trebuie mai mulți, cum poate să-i obțină, după care dacă are suficienți să se intereseze și de ai altora. 	alătură, demersulului, ministerului, mediului, reducere, amprentei, carbon, anunțat, cutia, milei, băga, dolari, demersul, logică, întrucât, absoluți, dolarii, valoroși, decât, pentru, turlă, leinici, săraci, dintre, donatori
			
https://www.timesnewroman.ro/it-stiinta/alerta-de-vreme-severa-un-nor-tocmai-ne-a-pus-sa-scoatem-o-foaie-de-hartie/	Alertă de vreme severă! Un nor tocmai ne-a pus să scoatem o foaie de hârtie	ANM avertizează: urmează vreme severă în toată ţara! În această dimineaţă, un nor negru şi foarte încruntat a dat cu pumnul în masivul Bucegi şi a ordonat să scoatem o foaie de hârtie.   „La un moment dat s-a auzit aşa, ca un tunet: ‘Qu’est-ce que vous avez préparé pour aujourd’hui?’, de au clănţănit geamurile în patru judeţe”, povesteşte Aurelia Maftei, subvicedirector adjunct la ANM.„Eu ştiam încă de ieri că vine vreme severă, aveam aşa, o senzaţie de coji de nucă pe genunchi şi mă simţeam puţin tras de urechi”, spune Gigi Marcel, meteorolog amator.„Asta-i vreme severă? De ce, că se scutură un pic norii? Pe vremea mea te verifica la teme, şi dacă te prindea cu vreun exerciţiu nefăcut îţi dădea o grindină după ceafă de o ţineai minte tot anotimpul!”, îşi aminteşte nea Ilie, pensionar.„E vreme severă, dar e corectă. Credeţi-mă că ne vrea binele. La vară, când au să se facă prunele, o să-i mulţumim”, adaugă Eusebiu Dunăreanu, agricultor din Prahova. 	avertizează, urmează, vreme, severă, toată, ţara, această, dimineaţă, negru, foarte, încruntat, pumnul, masivul, bucegi, ordonat, scoatem, foaie, hârtiela, moment, auzit, tunet, quest-ce, préparé, aujourdhui, clănţănit
			
https://www.timesnewroman.ro/sport/iohannis-intalnire-pe-partie-cu-presedintele-ursilor-cei-doi-au-mormait-patru-ore/	Iohannis, întâlnire pe pârtie cu preşedintele urşilor. Cei doi au mormăit patru ore	Muncește chiar și în vacanțe! Președintele Iohannis a avut o întâlnire la cel mai înalt nivel în această dimineață pe pârtia de la Păltiniș cu omologul său, președintele tuturor urșilor din România. Cei doi au mormăit timp de 4 ore, deși întâlnirea era programată să dureze doar 30 de minute.   Au fost abordate subiecte de interes național, președintele român insistând ca urșii să nu mai sperie schiorii, mai ales schiorii șefi de stat, iar președintele urșilor l-a rugat pe Iohannis să-l ajute cu moștenirea unui bârlog în Sibiu, dar și să-i arate cum se execută corect un plug.În continuare, timp de o oră președintele Iohannis a urmărit cu atenție și îngrijorare cum președintele urșilor s-a scărpinat de un brad din cauza unor mâncărimi în cur. Întâlnirea a luat sfârșit după ce Iohannis l-a decorat pe președintele urșilor, l-a numit jandarm onorific și i-a oferit un vaccin Covid la un centru de vaccinare MApN: ”E o minimă curtoazie diplomatică pentru un partener strategic”, a spus Iohannis. 	muncește, chiar, vacanțe, președintele, iohannis, întâlnire, înalt, nivel, această, dimineață, pârtia, păltiniș, omologul, președintele, tuturor, urșilor, românia, mormăit, deși, întâlnirea, programată, dureze, minuteau, abordate, subiecte
			
https://www.timesnewroman.ro/politic/pentru-ca-toata-lumea-cerea-transparenta-citu-a-purtat-azi-un-maiou-de-plasa/	Pentru că toată lumea cerea transparenţă, Cîţu a purtat azi un maiou de plasă	Premierul Florin Cîţu ia în serios toate doleanţele poporului român! Astăzi, după ce mii de cetăţeni au murmurat pe reţelele de socializare cerând mai multă transparenţă în guvernare, Cîţu a decis să le facă hatârul şi a apărut la şedinţa Executivului purtând un maiou superb de plasă, care îi scotea în evidenţă fizicul bine lucrat, dar şi nişte chiloţi din piele ecologică profund debirocratizaţi.   „Cel mai nasol la maiourile de plasă e când ţi se încurcă un fir de păr de pe piept în ochiurile plasei. Doare ca dracu. Dar trebuie să arătăm că pentru naţiunea română suntem gata să îndurăm orice chin”, a precizat Cîţu.„Partea bună e că lasă sfârcurile să respire, practic am mai bifat o măsură de relaxare.”Şeful Executivului le-a propus colegilor de coaliţie, mai puţin Ralucăi Turcan (nu se ştie de ce – n.r.), să ţină de acum încolo „Vinerea Transparenţei”, o zi pe săptămână în care să vină la lucru îmbrăcaţi în ce au ei mai transparent prin casă.„Lenjerie dantelată, pantaloni cu bucile decupate, tricouri albe stropite cu apă de la cişmea ţinută într-un bidon vechi de Borsec în al cărui dop de plastic a fost dată la un moment dat o gaură cu un cui încins… Anything goes”, a propus premierul. 	premierul, florin, cîţu, serios, toate, doleanţele, poporului, român, astăzi, după, cetăţeni, murmurat, reţelele, socializare, cerând, multă, transparenţă, guvernare, decis, facă, hatârul, apărut, şedinţa, executivului, purtând
			
https://www.timesnewroman.ro/monden/ungurii-se-ingramadesc-la-babardeala-cu-bucluc-pentru-ca-are-ardeal-in-titlu/	Ungurii se îngrămădesc la „Babardeală cu bucluc“ pentru că are „ardeal“ în titlu	Cel mai nou film românesc, Babardeală cu bucluc, are un succes nesperat în cinematografele din Budapesta! Mii de unguri şi-au exprimat dorinţa arzătoare de a vedea filmul cât mai curând, convinşi că e extrem de bun pentru că are „ardeal” în titlu.   „O parte din merit aparţine distribuitorului filmului, care a subliniat ‘Ardeal’-ul din ‘Babardeală’ pentru a-l face să sară în ochi, sau, cum se spune acolo, să sare la ochiuri”, spune Decebal Popescu, expert în design de afişe de filme despre babardeală.„Baberdély cu bucluc? Sună bine. Orice pelicul despre Erdély merge la suflet, chiar şi dacă este despre fasolea de acolo. Părerea meu!”, şi-a dat cu părerea Szopolos Ferencz, reputat critic de film din Budapesta.„Am s-o văd negreşit, me duc să-mi cumpăr la mine bileturile chiar acum. Babardealul e al nostru!”, a declarat Csingo Bingo, cinefil din localitatea Flekskecekememét. 	românesc, babardeală, bucluc, succes, nesperat, cinematografele, budapesta, unguri, şi-au, exprimat, dorinţa, arzătoare, vedea, filmul, curând, convinşi, extrem, pentru, ardeal, titluo, parte, merit, aparţine, distribuitorului, filmului
			
https://www.timesnewroman.ro/politic/cel-mai-sexy-ministru-toate-romancele-sunt-moarte-dupa-drula/	Cel mai sexy ministru! Toate româncele sunt moarte după Drulă	Rezultate surprinzătoare ale sondajului despre cei mai sexy miniștrii ai cabinetului Cîțu. Deși puțină lume se aștepta la asta, se pare că toate româncele sunt moarte după Drulă. Absolut toate participantele la sondaj au răspuns pozitiv la întrebarea „Va place Drula?“ (autorii sondajului nu au folosit deloc diacritice – n.r.).   Mai mult, repondentele au spus că le place de Drulă și dimineața, și la prânz, și seara, ba chiar și toată noaptea. Iar dacă ar fi ceva de îmbunătățit la Drulă, probabil ar fi un singur lucru: să fie mai mare, mai înalt – eventual chiar și puțin mai rotofei, fiind considerat cam subțire de unele femei.Pasiunea româncelor pentru ministrul Transporturilor este atât de mare încât unele au recunoscut cu sinceritate că au Drulă pe baterii în dormitor, cu care se bucură de momente speciale ori de câte ori au ocazia. 	rezultate, surprinzătoare, sondajului, despre, miniștrii, cabinetului, cîțu, deși, puțină, aștepta, toate, româncele, moarte, după, drulă, absolut, participantele, sondaj, răspuns, pozitiv, întrebarea, „va, place, drula, autorii
			
https://www.timesnewroman.ro/monden/casa-regala-cioaba-i-a-acordat-lui-archie-titlul-de-print-pa-anglea/	Casa Regală Cioabă i-a acordat lui Archie titlul de Prinț pă Anglea	S-a făcut dreptate! Fiul prințului Harry și al lui Meghan Markle, Archie, care nu a fost făcut prinț din motive rasiale, a fost proclamat de Casa Regală Cioabă drept Prinț Internațional pă Anglea și pă Regatul Unit, titlu pe care îl poate lăsa moștenire tuturor descendenților săi, în perpetuitate, potrivit comunicatului emis de Regele Dorin Cioabă, șeful Casei Regale.   ”Nouă ni se pare normal ca toți verișorii să fie egali, indiferent de culoare. George, Charlotte, Louis ai lui William sunt toți prinți. Pe Archie nu l-au făcut, așa că l-am făcut noi, ca să le batem obrazul la haladiții ăia de la Buckingham”, a declarat solemn Regele Cioabă.Archie a primit din partea Regelui Dorin Cioabă coroana princiară, sceptrul și colanul de aur al ordinului de Strehaia în rang de mare cazangiu, o onoare până acum neconferită nimănui din afara Casei Regale.Meghan Markle a declarat: ”Sunt încântată că am găsit niște regi cu care să pot să mă înțeleg și eu. Nu sunt deloc rasiști și iubesc animalele, au șase cai în sala tronului”.Regele Dorin Cioabă a propus și o încuscrire între Archie și propria sa fiică, Prințesa Valoarea Ecaterina Cioabă, care are zestre 18 salbe cu galbeni, așa că și Meghan Markle, mama lui Archie, a fost de acord, ea fiind foarte atentă la partea financiară a relațiilor de familie. 	făcut, dreptate, prințului, harry, meghan, markle, archie, prinț, motive, rasiale, proclamat, regală, cioabă, drept, prinț, internațional, anglea, regatul, titlu, poate, lăsa, moștenire, tuturor, descendenților, perpetuitate
			
https://www.timesnewroman.ro/life-death/azi-se-pot-programa-la-vaccinare-doar-ungurii-ca-e-ziua-lor-nationala/	Azi se pot programa la vaccinare doar ungurii, că e ziua lor națională	Te-ai întrebat de ce platforma de programare refuză cu îndârjire să te accepte, deşi oficial s-a intrat în faza a 3-a a vaccinării? Poate pentru că nu ai firimituri de kürtős în mustaţă, sau nu ai mustaţă deloc! Potrivit STS, astăzi, 15 martie, nu se pot programa la vaccinare decât ungurii, pentru că e ziua lor naţională – aniversarea Revoluţiei din 1848.   Mai mult, nu toţi ungurii sunt acceptaţi, ci doar cei care pot dovedi cu acte că sunt urmaşi direcţi ai legendarului rege Árpád, fiul lui Álmos, cel care s-a aşezat în Câmpia Panonică în anul 901. Astfel, coordonatorii vaccinării speră să împiedice aglomerarea platformei Rovaccinare cu maghiari „aproximativi”, de exemplu cei pe care îi cheamă Vaszilică cu sz sau cei care şi-au luat diplome de ungur onorific de la magazinul de suveniruri din Băile Tuşnad.Mâine, 16 martie, vor avea acces la vaccinare toate persoanele pe care le cheamă Sabin sau Iulian, potrivit sinaxarului oficial al Bisericii Ortodoxe.Miercuri, 17 martie, vaccinarea va fi deschisă tuturor roşcaţilor alcoolici care se prezintă la centrele de inoculare îmbrăcaţi în verde, dar nu pentru că e ziua naţională a Irlandei, a asigurat colonelul Gheorghiţă, nevrând să fie acuzat de şovinism.Joi, 18 martie, vaccinarea va fi suspendată pentru comemorarea bătăliei de la Gallipoli, iar vineri, 19 martie, încă nu ne-am hotărât ce facem, cert e că e o sărbătoare importantă pentru poporul caşub şi ar trebui să organizăm şi noi ceva. 	te-ai, întrebat, platforma, programare, refuză, îndârjire, accepte, deşi, oficial, intrat, vaccinării, poate, pentru, firimituri, kürtős, mustaţă, deloc, potrivit, astăzi, martie, programa, vaccinare, decât, ungurii, naţională
			
https://www.timesnewroman.ro/sport/reactia-serenei-dupa-dezvaluirile-lui-meghan-markle-ai-de-pla-mea/	Reacția Serenei după dezvăluirile lui Meghan Markle: „Ai de p*la mea!“	Dezvăluirile lui Meghan Markle din timpul interviului cu Oprah au șocat-o pe buna sa prietenă Serena Williams. „Ai de p*la mea!“ ar fi exclamat sportiva de mai multe ori în timpul interviului. Iar la finalul acestuia Serena era atât de pornită încât nu s-a putut abține și a scăpat și un „Să-mi bag p*la în familia regală britanică“.   Ca să-și revină din șoc și să se liniștească, Serena a băut după interviu vreo opt beri, după care s-a culcat pe canapea, că știa că nu e o idee bună să intre peste soțul ei în dormitor. Dar nu prea a avut somn, așa că și-a comandat trei șaorme și abia după ce le-a mâncat a reușit să adoarmă.De dimineață s-a simțit însă puțin vinovată pentru excesele din seara precedentă, așa că a preparat micul dejun și i l-a servit la pat soțului ei, alături de un imens buchet de trandafiri. Iar vaga durere de cap cu care s-a trezit a rezolvat-o extrem de eficient, cu ajutorul a două beri lăsate de cu seară la rece, special pentru acest scop. 	dezvăluirile, meghan, markle, timpul, interviului, oprah, șocat-o, prietenă, serena, williams, „ai, exclamat, sportiva, multe, finalul, acestuia, atât, pornită, încât, putut, abține, scăpat, „să-mi, familia, regală
			
https://www.timesnewroman.ro/it-stiinta/studiu-omul-de-bugethal-rupea-usa-pesterii-la-ora-1500/	Studiu. Omul de Bugethal rupea ușa peșterii la ora 15:00	Arheologii care lucrau la un set de săpături au descoperit scheletul epuzitat de treabă al unui strămoș al funcționarului, care pare să fi dormit în paleolitic. Supranumit Omul de Bugethal, după conformația oaselor, curul mare, brațe subțiri, lobul frontal foarte puțin dezvoltat, arheologii au stabilit că acesta rupea ura peșterii la ora 16.00.   „Omul de Bugethal provine din acea perioadă a evoluției umane când a început diversificarea activităților. Unii oameni primitivi erau vântători-culegători, alții aveau grijă de pui și alții, cei mai primitivi, le spuneau primelor două categorii ce să facă. Asta dacă îi prindeai în peșteră, că de obicei nu erau acolo ci dormeau printr-un copac sau furau din munca altora”, spune arheologul Decebal Popescu.Aparent, deși era inutil pentru societate, Omul de Bugethal nu a fost exterminat ca vărul său, omul de Neanderthal și urmași ai acestuia încă se mai găsesc pe tot teritoriul Europei. O formă avansată a acestuia este Omul de Bugethal de Bruxelles, care transformă nervii în hârtie și invers. 	arheologii, lucrau, săpături, descoperit, scheletul, epuzitat, treabă, strămoș, funcționarului, dormit, paleolitic, supranumit, bugethal, după, conformația, oaselor, curul, brațe, subțiri, lobul, frontal, foarte, puțin, dezvoltat, arheologii
			
https://www.timesnewroman.ro/descopera-romania/descopera-romania-10-lucruri-despre-pregatirile-pentru-sezonul-de-iarna/	Descoperă România! 10 lucruri despre pregătirile pentru sezonul de iarnă	• O stațiune de pe Valea Prahovei a construit un teleschi pentru mașini, ca să urce cocalarii cu BMW-ul până sus;   • Urşii din Bucegi şi-au izolat fonic bârlogul, ca să nu îi mai trezească manelele din hibernare; • Oltchimul ar putea fi salvat, după ce vânzătorii de vin fiert de pe pârtii au făcut nişte comenzi imense;• Pe lângă schiuri şi clăpari, în staţiunile montane se vor putea închiria PET-uri şi coji de seminţe;• 80% din pârtii n-ar fi existat fără munca asiduă a marelui munţoman Verestoy Attila;• Cocalarii pasionaţi de pariuri se duc la Sinaia, pentru că au auzit că are cota 2000;• Hotelul de gheaţă de la Bâlea Lac va avea în faţă primul parcagiu de zăpadă;• Doar dacă faci rezervare în Poiana Braşov de Black Friday îţi rămâne un rinichi, ca să-ţi poţi scrie numele în zăpadă;• Legenda spune că, în zilele senine, de pe Vf. Omu se vede cât de bine şi ieftin e în Austria;• Pe DN1 se vor pune panouri cu pârtii de schi, pentru ca cei blocați în ambuteiaje să-și facă măcar un selfie la panou, cât să pară c-au ajuns la munte. Susține și tu proiectul TNR cumpărând Almanahul Times New Roman – 156 de pagini, texte exclusive, pe care n-o să le găsești pe site! Îl poți cumpăra doar de pe eMAG.  	descoperă, românia, lucruri, despre, pregătirile, pentru, sezonul, iarnă
			
https://www.timesnewroman.ro/blog/stop-discriminarii-tratati-burtile-barbatilor-cu-respectul-cuvenit/	Stop discriminării! Tratați burțile bărbaților cu respectul cuvenit	Hai, bă, serios?! Deci publicăm un articol ilustrat cu minunăție de burți, nu mai puțin de trei, și face 3.500 de afișări și vreo 900 de like-uri. Apoi, reluăm pe Facebook un text de acum cinci ani, cu un decolteu în poză (unul singur, nu trei) și face 22.000 de afișări și peste 5.000 de like-uri. Ce-i cu discriminarea asta? De ce decolteul atrage mai mult decât burta masculină? Că tot o umflătură e și burta, dar că dintr-o bucată, nu din două. Și de multe ori burta e o umflătură mai mare decât umflătura de doi sâni. Tratați burțile cu respectul cuvenit! Stopați discriminarea!    	serios, publicăm un, articol, ilustrat, minunăție, burți, puțin, afișări, like-uri, reluăm, facebook, cinci, decolteu, poză, singur, 0, peste, discriminarea, decolteul, atrage, decât, burta, masculină, umflătură, dintr-o
			
https://www.timesnewroman.ro/monden/un-urs-si-a-luat-telefon-ca-sa-vada-cand-scrie-de-el-pe-roalert/	Un urs şi-a luat telefon ca să vadă când scrie de el pe RoAlert	Se pare că și urșii sunt curioși să afle ce se mai spune despre ei. Un urs dintr-o pădure de lângă Predeal, de exemplu, a decis să-și ia telefon, ca să vadă în timp real când scrie RoAlert-ul de el, nu să afle de asta după câteva ore sau chiar zile – ca să nu mai vorbim de cazurile în care nici măcar nu află vreodată.   Ursul spune că nu e distractiv să te duci să alergi oameni pe pârtie când aceștia sunt avertizați de prezența ta acolo. Însă așa, dacă vezi pe RoAlert ce se spune despre tine poți să-ți schimbi rapid zona de acțiunea, astfel încât oamenii să fie luați pe nepregătite când te duci peste ei. Și, în plus, poți să faci impresie printre ursoaice arătându-le mesajul RoAlert care spune că ești un „animal periculos“.Există însă și urși pățiti care spun că telefonul aduce numai necazuri. „Mi-a stricat relația cu ursoaica“, se plânge ursul Vlăduț. „Și-a luat și ea telefon și-a aflat de pe RoAlert că e un urs beat pe pârtie – și cumva și-a dat seama că eram eu. Numai eu știu ce scandal am avut acasă, că ea știa c-am ieșit să duc gunoiul, nu c-am fost la băut. M-a acuzat și că am alergat schioare pe pârtie, de-am dormit numai pe pragul bârlogului mai multe nopți.“ 	urșii, curioși, spune, despre, dintr-o, pădure, lângă, predeal, exemplu, decis, să-și, telefon, vadă, când, scrie, roalert-ul, după, câteva, chiar, vorbim, cazurile, măcar, află, vreodatăursul, distractiv
			
https://www.timesnewroman.ro/sport/proteste-in-brazilia-dupa-ce-stadionul-maracana-a-fost-redenumit-mihaita-plesan/	Proteste în Brazilia după ce stadionul Maracana a fost redenumit Mihăiță Pleșan	Violențe incredibile la Rio de Janeiro, după ce celebrul stadion Maracana a fost redenumit Mihăiță Pleșan. În oraș se desfășoară un adevărat război civil, cu bătăi violente între fanii care susțin redenumirea stadionului în Mihăiță Pleșan și cei care consideră ideea nepotrivită.   Cu toate acestea, șefii fotbalului brazilian spun că nu renunță la ideea folosirii numelui lui Mihăiță Pleșan pentru legendarul stadion. Se pare că aceștia au fost extrem de entuziasmați de fotbalistul român după ce YouTube le-a recomandat un rezumat al partidei România-Germania 5-1 din aprilie 2005, partidă în care a strălucit Mihăiță Pleșan.Se pare că șefii fotbalului brazilian au fost induși în eroare și de un comentariu în care despre Mihăiță Pleșan se spunea că este un veritabil prazilian, doar că ei au înțeles brazilian. Totuși, dacă violențele din stradă nu se vor opri, ei au și un plan B: vor schimba numele stadionului din Mihăiță Pleșan în Mihăiță Neșu, fiind convinși că nimeni nu va avea curajul să mai comenteze ceva. 	violențe, incredibile, janeiro, după, celebrul, stadion, maracana, redenumit, mihăiță, pleșan, oraș, desfășoară, adevărat, război, civil, bătăi, violente, între, fanii, susțin, redenumirea, stadionului, consideră, ideea, nepotrivităcu
			
https://www.timesnewroman.ro/sport/presedinte-jucator-iohannis-s-a-dus-in-locul-simonei-halep-in-dubai/	Președinte jucător! Iohannis s-a dus în locul Simonei Halep în Dubai	   După ani de atârnat ca un ciucure decorativ al politicii româneşti, Klaus Iohannis şi-a găsit un rost! Auzind că Simona Halep s-a retras de la turneul din Dubai, preşedintele s-a oferit să-i ia locul, convins că astfel va îmbina utilul cu plăcutul: un concediu într-o ţară caldă şi reprezentarea României la ceva chestie sportivă.„N-am mai fost în Dubai de ani buni, darămite să joc tenis”, recunoaşte Iohannis. „Ştiţi, ca preşedinte în aceste vremuri tulburi ai programul plin ochi. Nici nu termini bine plaja că se iveşte sezonul de schi. Dar pentru Simona şi pentru România sunt gata să iau racheta în mână şi să le arăt lu’ Kerber şi Kuzneţova de ce e capabil primul om în stat.”„Pe urmă îmi iau şi eu o binemeritată vacanţă, am găsit un AirBNB în Palm Jumeirah care primeşte tichete de vacanţă româneşti.”Pentru retragerea Simonei din campionat, Iohannis a decis că se mai gândeşte dacă va da vina pe PSD sau pe USR, transmit apropiaţii preşedintelui. 	după, atârnat, ciucure, decorativ, politicii, româneşti, klaus, iohannis, şi-a, găsit, auzind, simona, halep, retras, turneul, dubai, preşedintele, oferit, să-i, locul, convins, astfel, îmbina, utilul, plăcutul
			
https://www.timesnewroman.ro/it-stiinta/romanii-care-au-baut-apa-de-la-robinet-in-ultimul-an-nu-mai-au-nevoie-de-vaccin/	Românii care au băut apă de la robinet în ultimul an nu mai au nevoie de vaccin!	Vești bune pentru românii care au avut curaj să bea apă de la robinet în ultimul an și au și supraviețuit! Organismul lor este atât de călit, încât nu mai au nevoie de nicio doză de vaccin anti-Covid. Medicii spun însă că nu e indicat să doneze plasmă, să nu-i contamineze pe alții cu substanțe radioactive.   Medicii susțin că de la apa de robinet românii suferă mutații atât de puternice încât virusul nu-i mai poate afecta: ”Nici nu mai putem spune că aceștia sunt oameni, doar seamănă cu oamenii, dar pe dinăuntru sunt cu totul altceva. Virusul crede că sunt animale preistorice, trece prin ei ca noroiul prin țevile de apă potabilă”, spune medicul Decebal Popescu.În urma acestui anunț, Apa Nova a devenit cel mai mare furnizor de medicamente retrovirale anti-Covid, depășind Pfizer și Moderna, iar AstraZeneca deja studiază o modalitate de îmbuteliere a apei de la robinet din țara noastră, ca să poată fi administrată la temperatura camerei. 	vești, pentru, românii, curaj, robinet, ultimul, supraviețuit, organismul, atât, călit, încât, nevoie, nicio, doză, vaccin, anti-covid, medicii, însă, indicat, doneze, plasmă, contamineze, alții, substanțe, radioactivemedicii
			
https://www.timesnewroman.ro/blog/times-new-roman-fost-la-no-mad-talks-13-freelance-drama/	Times New Roman a fost la “NO.MAD Talks 13 – Freelance Drama”	Au fost 3 ore atât de intense la NoMad Talks, în compania a peste 40 de femei, multe din ele cu siguranţă vegane, încât colegul cu care venisem a simțit nevoia să plece să mănânce un hamburger cu un bărbat. În sala MATER Library era un feminism atât de dens că puteai să-l tai cu o ață de tampon.   Întâlnirea seamănă cu o școală de vară a rechinilor, unde toți își împărtășesc metodele prin care vânează, cum e să fii singur pe lume, să n-ai colegi, dar și disprețul față de uriașele bancuri de sardele corporatiste, care nu pot trage un pui de somn la 14:00, cum poate un rechin. Pardon, un freelancer.Ce-am învăţat?Momentul central al nașterii unei freelancerițe este DEMISIA. Degeaba le avertizez că în România dacă îți dai demisia nu mai ai dreptul să încasezi ajutorul de șomaj, deci e preferabil să fii concediat. Nu. Pentru freelancerițe, momentul demisiei este acel prag, asemănător cu dezvirginarea sau nașterea, care schimbă totul. E primul sărut al anxietății muncitorești, momentul în care, ca să citez pe cineva din sală ”nu știam dacă o să am bani de un covrig”.Întrebări la care cele din sală n-au putut să dea un răspuns convingător:Ce este munca?De ce sunt atât de multe femei freelancer?Singurul freelancer din sală era un tip care a spus: “Nu, eu sunt freelancer part time. Am și un job”. Păi, e ca și cum ai spune: sunt sărac part time, în rest o ard pe iahturi.Alexandra, freelancer şi alergătoare, care tocmai s-a întors (bronzată) din Nepal. Face parte din organizare. O întreb: “Faceți bani din asta?”. “Da, normal. Facem bani as we speak”. Normal că as we speak, că doar evenimentul se numeşte “No.Mad Talks”.Am o discuție conceptual sexuală cu o freelanceriţă implicată în moderare gaming online, dar care ca freelancer scrie romane pentru adulți. Curiozitatea mea este dacă s-ar putea realiza visul de aur al masculinităţii toxice: “Oare poți fi fuck buddy cu o lesbiană?”. Răspunsul este negativ.Freelanceriţele continuă să dezbată despre stress, despre anxietate. Primim o traistă de la un brand de homeopate, în care găsesc un borcan gol şi o cutie cu blistere de magneziu.Urmărim emoționate (e imposibil să nu mă includ  și pe mine la genul feminin, sunt copleșit hormonal) confesiunea unei freelancerițe care se ocupă de managementul hainelor (face traininguri despre cum le îngrijești).Ne spune că într-o zi a primit 35 de refuzuri pentru un proiect. În prima zi de freelancing. Mor de curiozitate să aflu în ce consta proiectul, dar, înțelept, decid să las și puțin mister pentru seara asta, în care am aflat cine și câți copii are, cum au fost în timpul creșterii și ce sentimente au încercat de-a lungul anilor, work related or not. Pardon. Freelancing related or not. 	atât, intense, nomad, talks, compania, peste, femei, multe, siguranţă, vegane, încât, colegul, venisem, simțit, nevoia, plece, mănânce, hamburger, bărbat, mater, library, feminism, puteai, să-l, ață
			
https://www.timesnewroman.ro/blog/7-lucruri-total-nesportive-despre-meciul-de-baschet-tnr-bloggeri/	7 lucruri total nesportive despre meciul de baschet TNR-Bloggeri	Sâmbătă 11 august a avut loc meciul TNR-Bloggeri la #FIBA3x3 Bucharest Challenger 2018, organizat de Raiffeisen România. Vă prezentăm câteva ipostaze de la faţa locului. Partida a început greu, din cauza posibilei stări de mahmureală a unuia din jucători, al cărui nume nu poate fi dezvăluit, dar e de la TNR, fireşte.   Pe noi ne întreabă lumea ce fumăm de dăm viralele alea. Dar ăsta de mai jos ce mănâncă?Ştim că în redacţie uneori o dăm şi noi pe lângă, dar uitaţi-vă, frate, la aruncarea asta! Coechipierul nostru a lăsat meciul să continue în mod inteligent. Mingea nu a mai fost găsită.Încă un spoiler. Începem filmările la Lacul Bloggerilor, spectacol de balet online. Priviţi cât de graţioşi sunt băieţii! Aici se execută un plie extrem de dificil, terminat cu un triplu axel şi un dublu tulup.Ştim că jucau baschet, dar aici chiar a fost henţ clar, frate!După meci am aflat că ăla din dreapta era de fapt halterofil, şi nu blogger. Şi că juca în echipa noastră, de fapt. După meci ne-a zis: “Ce fotbal american e ăsta, mă?”, ceea ce explică numeroasele faulturi dictate în ziua aceea.Dedesubt băieţii repetau dansul zombilor din clipul Thriller al lui Michael Jackson, pentru că vor să-i facă o surpriză unui prieten la o nuntă.Felicitări tuturor participanţilor! A fost un meci la care chiar se potriveşte sloganul „Important e să participi!” 	sâmbătă, august, meciul, tnr-bloggeri, #fiba3x3, bucharest, challenger, organizat, raiffeisen, românia, prezentăm, câteva, ipostaze, faţa, locului partida, început, cauza, posibilei, stări, mahmureală, unuia, jucători, cărui, poate, dezvăluit
			
https://www.timesnewroman.ro/blog/adio-bucuresti-tnr-se-duce-la-kolozsvar-la-comedy-cluj/	Adio, București! TNR se duce la Kolozsvár, la Comedy Cluj	Ca să nu dau din întâmplare peste un eveniment cu dan bittmani, zilele astea am decis să las Bucureștiul pentru Kolozsvár – știți, orașul ăla unguresc de care românii sunt extrem de mândri. Și merg la Kolozsvár pentru că acolo începe vineri, pe 12 octombrie, un festival de umor la care-i zice Comedy Cluj. Sincer, înțeleg de ce i-au zis Comedy Cluj. Că dacă puneau un nume mai puțin explicit, până se prindeau clujenii că-i despre comedie treceau 3-4 zile de festival, dacă nu mai multe. Marketing eficient, bravo lor!   Festivalul ăsta ține destul de mult, de pe 12 până pe 21 octombrie. Nici Parascheva, festivalul ăla cu babe de la Iași, care începe azi, nu ține atâta. Vineri seara are loc deschiderea, la Cinema Florin Piersic. O să fie un scurtmetraj (dar e de bine, e făcut de-un moldovean, nu de-un român, deci nu-i cu ciorbă, e c-o budă umblătoare), un cineconcert și un moment de improvizație. Detalii și bilete găsiți aici.Sâmbătă, pe 13 octombrie, are și TNR-ul, dacă nu se exagerează vineri seara cu berea, un workshop (așa-i zic ei) despre ”humorous creative writing”. Ăsta e pe la prânz. Iar pentru seara de sâmbătă am pregătit un moment (a se citi …un alt cuvânt care începe cu ”m”) pentru Roastul lui Mircea Bravo – roastul o să fie de la 21:00, la Cinema Florin Piersic și bilete găsiți aici.Dar mai este un motiv, altul decât festivalul, pentru care mă duc la Comedy Cluj. Sunt un hipster onorabil: am barbă, pălărie, cușmă, poșetă, trotinetă, bicicletă și-mi fac singur smoothie-uri (în care pun neapărat sfeclă roșie). Ah, și de ceva vreme mi-am găsit un hobby, tâmplăria. Și nici n-am fost la referendum, dragă! Deci, cum ziceam, sunt un hipster onorabil. Dar nu știu dacă am nivelul destul de ridicat ca să merg semeț prin Cluj fără să mă trezesc lovit cu poșetele în cap de hipsterii de-acolo. Așa că festivalul ăsta, Comedy Cluj, îmi oferă ocazia perfectă să aflu asta. 	întâmplare, peste, eveniment, bittmani, zilele, astea, decis, bucureștiul, pentru, kolozsvár, știți, orașul, unguresc, românii, extrem, mândri, acolo, începe, vineri, octombrie, festival, care-i, comedy, sincer, înțeleg
			
https://www.timesnewroman.ro/descopera-romania/descopera-romania-12-lucruri-despre-centura-bucurestiului/	Descoperă România! 12 lucruri despre Centura Bucureştiului	Centura Capitalei a dat 75% dintre divele din tabloide; restul le-a dat Basarabia;   Pentru că majoritatea clienților sunt șoferi de tir, moneda forte la curve este bonul de masă;Toți șoferii opresc la ieșirea spre Prelungirea Ghencea, ca să râdă pe seama celor care locuiesc în asamblurile rezidențiale de acolo;La groapa de la Glina, aflată lângă Centură, sunt ţigani care caută fier și Capatos, care caută asistente TV;Pentru că e singura centură de capitală europeană cu doar o bandă pe sens, termenul corect ar fi uliţă;Nu e obligatorie centura de siguranţă, că n-ai ce să păţeşti la 20 km/h, cu cât se circulă în medie;Ca regulă, în anunţurile imobiliare tot ce e în interiorul centurii e la 2 minute de metrou şi ce e în exterior e la 5 minute de metrou;E motivul pentru care Bucureştiul scăpa de jaful turcilor. Turcii îşi spuneau că după mizeria aia n-are cum să urmeze un oraş important;Ruşii n-au ce să ne facă! Tirurile de pe centură formează un zid prin care nu poţi să treci nici cu tancul;Crezi că Veyron e o maşină rapidă? Când a fost testată pe centura Bucureştiului n-a depăşit 45 km/h;Cu toate astea, cei de pe centură mor de cele mai multe ori de bătrâneţe, în spatele unui TIR;Intenţia era ca centura să fie de fapt autostrada Giurgiu-Braşov, dar a fost proiectată greşit. 	descoperă, românia, lucruri, despre, centura, bucureştiului
			
https://www.timesnewroman.ro/descopera-romania/descopera-romania-zece-lucruri-mai-putin-cunoscute-despre-valea-prahovei/	Descoperă România. Zece lucruri mai puțin cunoscute despre Valea Prahovei	• Sunt zile în care din București ajungi mai repede la Braşov ocolind pe la Chişinău;   • E singura destinaţie turistică în care nu e nevoie de marcaje. Unde vezi ambuteiajul, ăla e drumul;• Regele Carol şi-a făcut castel la Sinaia tocmai pentru că era greu de ajuns şi nu-l deranjau toţi cocalarii; • După ce mănânci pe Valea Prahovei îți dorești să vină americanii să mai bombardeze încă o dată zona;• Decesul turismului românesc a fost oficializat printr-o cruce imensă, cunoscută acum drept „Crucea de pe Caraiman”;• În Bușteni se află cascada Urlătoarea, care vara este cunoscută drept „cascada urlătoare de manele”;• Pe Valea Prahovei se circulă mult pe contrasens, pentru că șoferii circulă pe banda a doua chiar și cînd șoseaua are o singură bandă;• E singurul loc din ţară unde în ambuteiaj vine ursul să-ţi spele parbrizul;• Jumătate din timpul unui sejur clasic pe Valea Prahovei este petrecut de turiști în mașină, în drum spre hotel sau pensiune;• În week-end-urile de iarnă, pârtiile de schi de pe Valea Prahovei devin parcare pentru BMW-urile cocalarilor bucureșteni. 	descoperă, românia, lucruri, puțin, cunoscute, despre, valea, prahovei
			
https://www.timesnewroman.ro/descopera-romania/descopera-romania-13-lucruri-despre-vulcanii-noroiosi/	Descoperă România. 13 lucruri despre Vulcanii Noroioşi	Buzoienii sunt invidia Moldovei: La ei dai o dată cu sapa şi ţâşneşte noroiul!   Nici anul acesta Vulcanii Noroioşi nu au primit autorizaţia sanitar-veterinară; Unii zic că dacă n-ar fi vulcanii n-ar mai fi noroi în ţară;Iniţial cei din zonă erau bucuroşi, credeau că e nămol terapeutic, dar la o examinare mai atentă au văzut că era doar noroi;Au venit japonezii, că au auzit că avem vulcani, au venit să-i monitorizeze. Au plecat supăraţi şi murdari;Iarna, când întreg Buzăul e o mare de noroi, buzoienii fac bani pretinzând că la ei în curte sunt adevăraţii Vulcani Noroioşi;În acte, Vulcanii Noroioşi figurează ca asfaltaţi încă din 1984;Vulcanii au fost exploraţi în 2001, de un român care s-a împiedicat şi a căzut într-unul din vulcani;Oamenii de afaceri iau noroiul, îl amestecă cu legume şi îl vând la Bucureşti pe post de tocăniţă;La doi paşi se află şi Vulcanii Uleioşi, unde localnicii îşi prăjesc cartofii din cele mai vechi timpuri;În antichitate, romanii numeau acest loc “Anus Mundi”;Aici vin mulţi caracaleni, păcăliţi că vor fi duşi la fabrica de Nutella;Vulcanii noroioşi ar acoperi tot judeţul dacă n-ar fi şi buzoieni care împing nămolul la deal. 	descoperă, românia, lucruri, despre, vulcanii, noroioşi
			
https://www.timesnewroman.ro/it-stiinta/robotul-cufuriosity-cauta-in-disperare-un-tufis-pe-marte/	Robotul Cufuriosity caută în disperare un tufiş pe Marte	Nu toţi roboţii de pe Marte caută pur şi simplu apă sau viaţă! Roverul Cufuriosity, un aparat mai puţin cunoscut aparţinând NASA, caută în disperare un tufiş pe Planeta Roşie, după ce a consumat o baterie mai veche şi s-a stricat la reactor.   „Houston, aici Cufuriosity. Avem o problemă”, a comunicat roverul, scurt şi ambiguu, înainte ca senzorii săi să comute automat pe programul de detectare a primului tufiş, boschete sau crater ceva mai ferit.„Situaţia e deosebit de gravă dacă ţinem cont că Cufuriosity e un rover ruşinos, care nu-şi poate descărca oriunde reziduurile reactorului. Iar prezenţa lui Curiosity nu ajută deloc, pentru că acesta îl tot bate la cap cu întrebări: ‘eşti bine, Cufuriosity?’, ‘pot să ajut cu ceva?’. În loc să-şi vadă de treabă”, explică Decebal Popson, vicedirectorul NASA.„Nu vrem să riscăm o explozie, aşa că în următoarele zile vom devia spre Marte unul din WC-urile ecologice ale Staţiei Spaţiale Internaţionale. Sperăm să ajungă la timp. Ţine-te bine, Cufuriosity, ajutorul e pe drum!”, adaugă reprezentantul agenţiei americane. 	toţi, roboţii, marte, caută, simplu, viaţă, roverul, cufuriosity, aparat, puţin, cunoscut, aparţinând, disperare, tufiş, planeta, roşie, după, consumat, baterie, veche, stricat, reactorhouston, problemă, comunicat, roverul
			
https://www.timesnewroman.ro/politic/voiculescu-acuzat-ca-a-facut-public-birtul-din-lehliu-unde-baga-mici-generalii/	Voiculescu, acuzat că a făcut public birtul din Lehliu unde bagă mici generalii	Ministrul Sănătății Vlad Voiculescu este acum sub presiuni imense din partea colegilor din coaliția de guvernare pentru a părăsi postul, în urma gafei imense pe care a făcut-o zilele trecute. Încercând să facă un exercițiu de transparență în privința situației vaccinărilor și internărilor, acesta a făcut public și date extrem de secrete, cum ar fi birtul din Lehliu Gară, unde bagă mici generalii.   „Doar un om extrem de retardat, genul ăla căruia-i curge scuipat din gură, ar crede că Voiculescu a dezvăluit mare secrete cu unități militare, în condițiile în care zilnic deasupra noastră trec vreo 40 de sateliți militari de la vreo 7 națiuni diferite. Nimeni nu poate fi atât de prost și încă viu. Nu, problema e că s-a aflat unde-s micii ăia buni pentru generali. Și, repet, cine spune că Voiculescu a dezvăluit alte secrete militare sau ale serviciilor este foarte, foarte prost”, explică expertul militar Decebal Popescu.Birtul din Lehliu unde snt micii ăia buni a fost multă vreme subiect de legendă, cam ca Laserul lui Coandă sau invazia rusă prin Bucovina din 1968. Acest secret bine păzit era accesibil doar celor mai slinoși și burtoși generali ai armatei române, și doar după urma de unsoare de pe buze în timp ce dădeau declarații la televizor puteai să știi că-i cunosc tainele. 	ministrul, sănătății, voiculescu, presiuni, imense, partea, colegilor, coaliția, guvernare, pentru, părăsi, postul, gafei, făcut-o, zilele, trecute, Încercând, facă, exercițiu, transparență, privința, situației, vaccinărilor, internărilor, acesta
			
https://www.timesnewroman.ro/life-death/grecia-permite-romanilor-accesul-treptat-mai-intai-banii-apoi-restul-romanului/	Grecia permite românilor accesul treptat. Mai întâi banii, apoi restul românului	Începe sezonul turistic în Grecia, dar nu dintr-o dată. Grecii anunță că accesul românilor se va face treptat, mai întâi banii, apoi restul românului. De asemenea, pentru un sejur cât mai plăcut pentru bani, aceștia pot intra fără teste și fără vaccin.   ”Ca să nu fie aglomerație, românii pot veni mai târziu. Nu deranjați banii, trimiteți-i și lăsați-i să se simtă și ei bine. O să le acordăm toată atenția. Avem spații suficiente în bănci pentru toți banii voștri”, declară premierul grec Strafigakis.Grecii le promit românilor că banii lor vor avea un sejur de neuitat. Banii vor primi un șezlong, umbrelă și vor fi păziți de insecte de primarul stațiunii, iar două grecoaice le vor face masaj și le vor aduce câte un ouzo lângă șezlong. ”Știți că nu este exclus ca sezonul turistic să fie anulat, dacă crește numărul de cazuri. E posibil ca autoritățile române să vă țină în lockdown. Gândiți-vă la bani! Măcar banii să fie fericiți”, au mai spus grecii. 	Începe, sezonul, turistic, grecia, dintr-o, dată, grecii, anunță, accesul, românilor, treptat, întâi, banii, restul, românului, asemenea, pentru, sejur, plăcut, aceștia, intra, fără, teste, vaccinca, aglomerație
			
https://www.timesnewroman.ro/it-stiinta/senzational-a-fost-descoperit-scheletul-bine-dotat-al-unui-om-din-puleolitic/	Senzațional! A fost descoperit scheletul bine dotat al unui om din Puleolitic	Descoperire senzațională într-un sit arheologic din Bihor: cercetătorii au dezgropat un schelet extrem de bine dotat, despre care se crede c-ar fi din Puleolitic. Dacă informația se confirmă, ar fi cea mai importantă descoperire de la penisul lui Terente încoace.   „E posibil să avem de-a face nu doar cu cel mai bine dotat schelet, dar și cel mai vechi descoperit vreodată pe teritoriul României“, spune arheologul care a făcut senzaționala descoperire. „Despre Puleolitic existau doar legende, mulți arheologi îi neagă existența, dar acest schelet descoperit de noi confirmă că Puleoliticul chiar a existat.“Pentru cei care nu știu, Puleoliticul este o perioadă în care trăiau niște hominizi care o aveau cu până la de 10 ori mai mare decât homo sapiens. Tocmai de aceea, arheologii maghiari susțin acum că scheletul acela ar aparține strămoșului lor, care în mod evident a fost primul în Ardeal. 	descoperire, senzațională, într-un, arheologic, bihor, cercetătorii, dezgropat, schelet, extrem, dotat, despre, crede, puleolitic, dacă, informația, confirmă, importantă, descoperire, penisul, terente, încoace„e, posibil, vechi, descoperit, vreodată
			
https://www.timesnewroman.ro/descopera-romania/descopera-romania-10-lucruri-despre-perioada-in-care-romanii-fac-vinul/	Descoperă România. 10 lucruri despre perioada în care românii fac vinul	• În Vaslui muncesc în perioada asta inclusiv cei care n-au vie: sapă tuneluri spre beciurile cu vin ale vecinilor;   • În județul Constanţa nu se face vin, pentru că legenda spune că noaptea vine un chior şi ţi-l bea pe tot; • Ardelenii sunt în grafic. Deja s-a rostit mai bine de jumătate din clasica întrebare ”No, ne apucăm de vin?”• Bănăţenii sunt singurii care n-au nevoie de teasc. Ei zdrobesc strugurii între frunţile lor late;• Eficienţă maximă în Oltenia. Locuitorii Craiovei s-au dus la cules de vie cu săbii ninja;• Bihorenii spun că nici anul ăsta nu s-au făcut strugurii. Viţa de vie a făcut iar doar ciorchini cu prune;• Pentru că Verestóy Attila a tăiat toate pădurile, secuii țin vinul în kürtősi, că nu mai au din ce lemn să facă butoaie;• E perioada de vârf a unionismului. Pentru că în Republica Moldova se face un vin mai bun decât la noi, moldovenii ăia înapoiați și iubitori de Rusia devin brusc “fraţii noştri de peste Prut”;• Gata cu consumul haotic de alcool din Vaslui! Localnicii au decis că în zilele cu soţ se face vinul, iar în cele fără soţ se bea;• Până și la Deduleşti se simte că e vremea vinului: la mici nu se mai bea bere, ci must. 	descoperă, românia, lucruri, despre, perioada, româniifac, vinul
			
https://www.timesnewroman.ro/blog/ma-fut-vacantele-tale-iohannis/	Mă fut în vacanțele tale, Iohannis!	Sunt uluit! Klaus Iohannis a rostit cuvintele astea: ”În ultimii doi ani nu am mai avut vacanțe deloc fiindcă am stat să păzesc România de PSD-iști”. Serios, asta e problema lui, că n-a putut pleca în vacanțe? Ca om care am stat (ca tâmpitul, se pare) în stradă de zeci de ori în ultimii ani, mă iau toți dracii când aud declarația asta.   Plm, Iohannis, știi când am ieșit eu în stradă să protestez prima dată împotriva guvernului lui Dragnea? La 10 minute după ce am aflat că s-a dat ordonanța 13! Eram deja îmbrăcat și ieșeam pe ușă. Pe 31 ianuarie 2017. Hai să-ți zic și contextul: soția mea ieșise din spital de câteva zile, că tocmai îl născuse pe al doilea meu copil. Avea mai puțin de 2 săptămâni de viață când s-a dat ordonanța aia nenorocită. Și am fugit spre Piața Victoriei fără să știu de ce mă duc acolo. Am ieșit ca să fac ceva, ca să nu rămân fără de reacție la mizeria făcută de pesediști. Și apoi am mai ieșit în stradă, toată iarna și toți anii următori, de zeci de ori. Am plecat fără să stau pe gânduri, deși aveam un copil abia născut, care din fericire dormea la ora aia și-mi permitea să plec fără să dau explicații soției (ea a aflat abia a doua zi că eu am fost la protest). Și vii tu, acuma, să te dai mare că n-ai avut vacanțe în ultimii doi ani. Tu, care ești președintele țării și ăsta e jobul tău, să veghezi că nu fac mizerii ăia de la guvernare, în timp ce eu sunt un simplu cetățean. Să mă fut în vacanțele tale! Cerșești empatie pentru că n-ai avut vacanțe, când eu și zeci de mii de alți români ca mine ne-am futut serile și nervii în stradă ca să protestăm împotriva pesediștilor ălora cu care cumva vrei să lași impresia că doar tu te-ai luptat. Da, te-ai luptat cu ei până ai decis să le mai dai o șansă la guvernare nu o dată, ci de trei ori. ”Trei, în pula mea!”, vorba maestrului Despot. Trei premieri de la PSD ai acceptat în mandatul tău.Dar, cu toate astea, o să te votez în turul doi. Nu am ratat niciun vot (ok, recunosc, n-am fost la ăla al coaliției medievale, dar ăla nu se pune), n-o să-l ratez nici pe cel de pe 24 noiembrie. Și normal că n-o să votez cu Dăncilă, o să te votez pe tine. Dar, încă o dată, să mă fut în vacanțele tale, Iohannis! 	sunt, uluit, klaus, iohannis, rostit, cuvintele, astea, ultimii, vacanțe, deloc, fiindcă, păzesc, românia, psd-iști, serios, problema, putut, pleca, tâmpitul, stradă, toți, dracii, când, declarația, astaplm
			
https://www.timesnewroman.ro/sport/premiul-pentru-cel-mai-misto-nume-din-romania-castigat-din-nou-de-basarab-panduru/	Premiul pentru cel mai mişto nume din România, câştigat din nou de Basarab Panduru	Fostul fotbalist Basarab Panduru a câştigat şi anul acesta Premiul Societăţii Române de Nume Şmechere Pentru Cel Mai Mişto Nume, depăşindu-i la mustaţă pe principalii trei contracandidaţi, un electrician de 49 de ani din Călăraşi pe nume Napoleon Bărbat, un poliţist din Deva pe care îl cheamă Traian Berbeceanu şi un tehnician silvic din Bistriţa, Horea Cloşca Crişan Lupu.   Ferdinand Viteză, fost campion la nume mişto şi membru al juriului de anul acesta, explică cum s-a făcut departajarea: „Am ţinut cont de faptul că pe Basarab Panduru îl cheamă şi Nică. Basarab Nică Panduru. Exact acea tuşă de candoare copilărească, de sensibilitate de care avea nevoie acest nume falnic ca să strălucească cu adevărat.”Juriul a analizat şi contestaţia depusă de Marc Aureliu Akebono, indicând că în actul de naştere pe acesta îl cheamă Marcel Grasu. „Se pun doar numele primite la botez, orice schimbare, fie şi pe căi legale, te descalifică”, a declarat Spartacus Părpepiepţescu, secretarul Societăţii. 	fostul, fotbalist, basarab, panduru, câştigat, acesta, premiul, societăţii, române, Şmechere, pentru, mişto, depăşindu-i, mustaţă, principalii, contracandidaţi, electrician, călăraşi, napoleon, bărbat, poliţist, cheamă, traian, berbeceanu, tehnician
			
https://www.timesnewroman.ro/politic/aur-acuza-ca-firmele-dacice-nu-sunt-primite-la-licitatiile-pentru-tuneluri/	AUR acuză că firmele dacice nu sunt primite la licitațiile pentru tuneluri	Liderul AUR George Simion cere ca toate lucrările la tuneluri din România, fie că sunt rutiere sau feroviare, să fie oprite imediat. El spune că e suspect că nici o lucrare de tunel nu a fost câștigată de o firmă dacică, în condițiile în care dacii au peste 2.000 de ani de experiență în domeniu.   „Am crezut că-mi pleznește o venă când am văzut că tunelul de pe viitoarea autostradă Pitești-Sibiu va fi făcut de o firmă austriacă“, s-a plâns liderul AUR. „Nu se mai poate așa ceva! Toate licitațiile trebuie anulate și repetate. Am informații clare că firmele dacice nu au fost lăsate până acum la licitațiile pentru tuneluri. E obligatoriu să participe și ele!“George Simion spune că firmele dacice pot termina un tunel cu de până la 174 de ori mai repede decât orice firmă străină. „Dacii au făcut kilometri întregi de tuneluri cu tehnologia de acum 2.000 de ani, deci probabil azi le-ar lua câteva ore ca să facă un tunel de un kilometru prin munți“, este convins liderul AUR. 	liderul, george, simion, toate, lucrările, tuneluri, românia, rutiere, feroviare, oprite, imediat, spune, suspect, lucrare, tunel, câștigată, firmă, dacică, condițiile, dacii, peste, experiență, domeniu„am, crezut, că-mi
			
https://www.timesnewroman.ro/politic/judecatoarea-blestemata-de-udrea-s-a-trezit-cu-basescu-la-usa/	Judecătoarea blestemată de Udrea s-a trezit cu Băsescu la ușă	Blestem greu lansat de Elena Udrea la adresa judecătoarei care a condamnat-o la 8 ani de pușcărie. Din păcate pentru judecătoare, blestemul s-a îndeplinit deja și Traian Băsescu era aseară la ușa judecătoarei, cu un trandafir în dinți și o sticlă de Sânge de Taur, din care băuse deja jumătate, ca să prindă forțe.   Deși nu știm precis cum suna blestemul, se pare că Băsescu avea un plan bine gândit. ”Am venit să-ți spun un vers și să ți-o dau ca la Anvers”, ar fi exclamat Băsescu în fața judecătoarei, cu șlițul desfăcut, după care ar fi avut un acces de râs, tipic fostului președinte.”Ia zi, vrei să vezi ce înseamnă rău de mare?”, ar fi întrebat-o Băsescu. Drept replică, magistratul l-a întrebat dacă a venit în legătură cu un verdict și Băsescu i-a spus că da, și că are un verdict cât o mână de copil. Judecătoarea i-a făcut plângere Elenei Udrea pentru blestem: ”A zis să simt și eu ce-a simțit ea și nu-mi convine, n-o să uit prea curând damful ăla de băutură”. 	blestem, lansat, elena, udrea, adresa, judecătoarei, condamnat-o, pușcărie, păcate, pentru, judecătoare, blestemul, îndeplinit, traian, băsescu, aseară, trandafir, dinți, sticlă, sânge, băuse, jumătate, prindă, forțedeși, știm
			
https://www.timesnewroman.ro/it-stiinta/dacia-anunta-o-masina-si-mai-ecologica-decat-spring-dacia-imping/	Dacia anunţă o maşină şi mai ecologică decât Spring, Dacia Împing	Dacia face progrese tehnologice uimitoare. După lansarea Daciei electrice model Spring, cei de la Mioveni anunță un model și mai revoluționar, 100% ecologic, numit Dacia Împing. Noua mașină are autonomie în funcție de cât a mâncat șoferul în dimineața respectivă și garantează un trafic foarte silențios, întrerupt doar de icnetele deținătorilor de Dacii Împing, mai ales la deal.   Pentru deplasările în pantă, Dacia Împing e dotată cu o cremalieră, riscul să vină peste șofer fiind redus considerabil. La vale șoferii vor putea chiar să stea la volan și să se relaxeze cât timp gravitația lucrează pentru ei. Clienții de Dacia Împing sunt deja fascinați de noua mașină: ”Are kitul de tractare cu cai montat din fabrică. La portbagaj are un pahar special pentru băuturile energizante, care te ajută s-o împingi chiar și cu 20 km/h”, spun fanii Dacia.Nici confortul din habitaclu nu a fost neglijat. Dacia Împing vine cu un bol pentru iaurt cu goji în loc de scrumieră. Trusa de scule include și mănuși, ca să nu faci bătături când împingi mașina și totul este rezumat în noul slogan Dacia Service: ”Noi ți-o tragem, tu Împingi!”. 	dacia, progrese, tehnologice, uimitoare, după, lansarea, daciei, electrice, model, spring, mioveni, anunță, revoluționar, ecologic, numit, dacia, Împing, mașină, autonomie, funcție, mâncat, șoferul, dimineața, respectivă, garantează
			
https://www.timesnewroman.ro/unde-iesim/dana-florian-live-in-lloyds-pub/	Dana Florian, live în Lloyd’s Pub	Vineri, 26 februarie, concert Dana Florian în Lloyd’s Pub. Cantautoare din noul val de muzică folk, Dana Florian a fost remarcată pentru autenticitatea scenică, pentru melodiile ei surprinzătoare cu diferite influențe de jazz, blues sau pop, pentru vocea ei unică și tehnica instrumentală la chitară. Cântecele ei, compuse sensibil și interpretate cu dezinvoltură, vorbesc despre viată în firescul ei, de la cele mai profunde emoții și trăiri pană la lucruri nostime sau satirice.   La eveniment va participa, bineînțeles, și berea TNR. Intrarea este liberă, doar că locurile sunt limitate. Cu berea TNR e invers – e pe bani, dar în cantități nelimitate. 	vineri, februarie, concert, florian, lloyds, cantautoare, muzică, remarcată, pentru, autenticitatea, scenică, melodiile, surprinzătoare, diferite, influențe, blues, vocea, unică, tehnica, instrumentală, chitară, cântecele, compuse, sensibil, interpretate
			
https://www.timesnewroman.ro/unde-iesim/ultima-seara-de-jazz-jam-session-cu-sorin-zlat-si-invitatii-la-terasa-el-grande-comandante/	Ultima seară de Jazz Jam Session cu Sorin Zlat si invitații la Terasa El Grande Comandante	Nu rata ultima seară de Jazz Jam Session cu Sorin Zlat Band și invitații la terasa El Grande Comandante, joi, 12 noiembrie, de la ora 17.00!Te invităm la un nou eveniment marca berea TNR, o seară cu bere, muzică bună, oameni frumoși, dans, povești și mâncare delicioasă, toate la minunata terasă din Calea Călărași nr. 55!Dacă ești pasionat de muzică și ai un instrument, vino cu el să cânți alături de artiștii serii:Sorin Zlat Senior- saxofonSorin Zlat Junior- pianCiprian Parghel- contrabasIntrarea este liberă, iar cine dorește poate să susțină artiștii așa cum crede de cuviință.Avem încălzitoare și umbrele pregătite la terasă.REZERVĂRI: 0728 556 043 – El Grande Comandante, Calea Călărași nr. 55 (există locuri de parcare în jurul terasei).    	concert, terasă
			
https://www.timesnewroman.ro/life-death/arafat-a-pus-somnifere-in-apa-de-la-robinet-sa-nu-mai-umble-romanii-noaptea-pe-afara/	Arafat a pus somnifere în apa de la robinet, să nu mai umble românii noaptea pe-afară	Diabolicul coordonator al activităților de pandemie a trecut la măsuri mai dure de control a populației, așa cum a promis dacă nu ne băgăm mințile în cap. La ordinul său cantități importante de somnifer au fost deșertate în apa potabilă din țară, ca toată lumea să fie în pat la ora 22.00. Sau pe unde-i apucă somnul.   Nimeni nu este in siguranță de apa cu somnifer, pentru că chiar dacă beau apă de la pet că i-a prostit publicitatea, pentru ciorbă românii folosesc tot apă de chiuvetă. Astfel, după o ciorbă de fasole cinstită seara în câteva minute orice cetățean ajunge în brațele lui Morfeu și se bășește liniștit sub plapumă.Întrebat dacă nu este cumva ilegal sau neconstituțional să bagi în cetățeni substanțe fără cunoștința lor, medicul Raed Arafat a spus că democrația a fost suspendată de ceva vreme și doar drogații nu-și dau seama de asta. Totodată a recomandat în continuare vaccinarea cu Astra Zeneca, că are el un prieten care garantează pentru vaccinul ăsta. 	diabolicul, coordonator, activităților, pandemie, trecut, măsuri, control, populației, promis, dacă, băgăm, mințile, ordinul, cantități, importante, somnifer, deșertate, potabilă, țară, toată, lumea, unde-i, apucă, somnulnimeni, siguranță
			
https://www.timesnewroman.ro/blog/studiu-legumele-romanesti-sunt-cele-mai-gustoase-pentru-ca-piete-e-mult-fum-de-mici/	Studiu! Legumele româneşti sunt cele mai gustoase pentru că în pieţe e mult fum de mici	Legumele din România chiar sunt cele mai gustoase din lume! O arată un studiu recent al Institutului pentru Legume „Marcel Belmondo” din Franţa. Şi mai surprinzător, însă, e că nu e vorba doar despre legumele crescute în România, ci şi despre cele de import, turceşti sau greceşti, vândute în pieţele noastre.   „Contează mai puţin solul, apa şi soarele, şi mult mai mult piaţa”, spune Jean Claude Saligny, cercetător. „Pieţele din România sunt pline de micării, iar fumul de mici pătrunde în porii legumelor, dându-le o savoare deosebită. Veşti proaste pentru vegani, însă: castravetele ăla e plin de microparticule de mici!”„E incredibil, la voi în ţară până şi salata verde are gust! Detectez note de vită, oaie, usturoi…”, apreciază Michel Vaillant, consultant în cadrul studiului.Acelaşi lucru nu poate fi spus însă despre florile din pieţe, pe care infuzia de miros de mici nu le face deloc mai atrăgătoare pentru persoana iubită – cu excepţia cazului în care persoana iubită are burtă şi poartă adesea şlapi. 	legumele, românia, chiar, gustoase, arată, studiu, recent, institutului, pentru, legume, marcel, belmondo, franţa, surprinzător, însă, vorba, despre, legumele, crescute, import, turceşti, greceşti, vândute, pieţele, noastrecontează
			
https://www.timesnewroman.ro/sport/probleme-cu-permisul-lui-florinel-coman-are-voie-sa-conduca-doar-tancuri-rusesti/	Probleme cu permisul lui Florinel Coman! Are voie să conducă doar tancuri rusești	Veşti proaste pentru îndrăgitul jucător de fotbal Florinel Coman! Permisul ucrainean de conducere pe care îl folosea acesta nu doar că e obţinut pe căi ilicite, dar e şi categoria greşită.   Potrivit autorităţilor, documentul obţinut în Ucraina îi permite fotbalistului să conducă exclusiv vehicule blindate grele tip tanc, şi nici măcar orice fel de tancuri, ci doar pe cele de provenienţă sovietică.„În Ucraina, categoriile sunt puţin diferite. Dacă la noi A e pentru motociclete şi B pentru autovehicule mici, la ucraineni A-ul e pentru maşini obişnuite iar B-ul e pentru ‘vehicule cu şenile, blindaj şi turelă fabricate în fosta Uniune Sovietică’. Astfel de permise sunt foarte utile acolo. Aici, mai puţin. Cred că sunt maximum 5 tancuri sovietice în circulaţie în România în zilele noastre”, explică Gigel Vârtej, poliţist rutier.„Dacă era obţinut legal şi ţinea morţiş să şi-l echivaleze, carnetul de tanc din Ucraina îi permitea, totuşi, să conducă un Oltcit”, adaugă Boris Popescu, specialist în permise. 	veşti, proaste, pentru, îndrăgitul, jucător, fotbal, florinel, coman, permisul, ucrainean, conducere, folosea, acesta, obţinut, ilicite, categoria, greşităpotrivit, autorităţilor, documentul, ucraina, permite, fotbalistului, conducă, exclusiv, vehicule
			
https://www.timesnewroman.ro/politic/drula-a-gasit-nereguli-grave-la-metrorex-s-a-facut-metrou-in-drumul-taberei/	Drulă a găsit nereguli grave la Metrorex: „S-a făcut metrou în Drumul Taberei“	Ministrul Transporturilor spune c-au fost găsite extrem de multe probleme la Metrorex, dar una dintre ele este de-a dreptul scandaloasă. „Tâmpiții, că altfel nu am cum să le zic, au construit metrou în Drumul Taberei, într-o batjocură totală față de banul public“, a acuzat Cătălin Drulă.   „Nu înțeleg ce-a fost în capul lor? De ce să faci metrou într-o zonă care n-are nicio legătură cu Bucureștiul? De ce în Drumul Taberei și nu la Ciorogârla sau Bragadiru, dacă tot îl faci în afara orașului? Nu-mi vine să cred că avem metrou în Drumul Taberei, iar noi încă avem zone în București fără metrou. E incredibil!“La fel de șocat a fost și primarul Capitalei, Nicușor Dan, care a descoperit că Drumul Taberei a fost alipit ilegal la București și este considerat, în acte cel puțin, ca făcând parte din oraș. „Am verificat de mai multe ori și da, din păcate Drumul Taberei este considerat cartier bucureștean“, a anunțat Nicușor Dan. 	ministrul, transporturilor, spune, găsite, extrem, multe, probleme, metrorex, dintre, dreptul, scandaloasă, „tâmpiții, altfel, construit, metrou, drumul, taberei, într-o, batjocură, totală, față, banul, public, acuzat, cătălin
			
https://www.timesnewroman.ro/monden/pitipoance-inghetate-gasite-de-politie-pe-o-terasa-dupa-o-petrecere-ilegala/	Pițipoance îngheţate, găsite de Poliție pe o terasă după o petrecere ilegală	Scene de groază pe o terasă din Capitală, unde zeci de pițipoance au fost găsite înghețate în urma ninsorilor de peste noapte. Polițiștii sosiți pentru o razie de rutină au constatat că în jurul orelor 20:00 s-a terminat gazul din încălzitoare și pițipoancele, îmbrăcate în rochițe și pantofi stiletto, au degerat brusc, cu degetele înțepenite pe iPhone-uri, în timp ce-și făceau Live-uri sau selfiuri.   Primele indicii arată că pițipoancele participau la o petrecere ilegală, ieșiseră să fumeze și au fost surprinse de viscol. Mai întâi, polițiștii le-au amendat pe pițipoancele înghețate, după care au trecut la dezghețarea acestora, cel mai probabil urinând pe ele.Polițiștii spun că au fost scene greu de privit: ”Din cauza clănțănitului intens din dinți, mai multe pițipoance aveau botoxul spart, silicoanele erau înghețate în poziții nefirești și aveau cracii vineți, de la dârdăit”, spun polițiștii.Nu toate pițipoancele de la terasă erau înghețate complet, spun polițiștii: ”Când am pus o manea una din ele încă mai dădea din cur pe o masă, dar în rest era bocnă, îi înghețase fondul de ten și-i căzuse cu jumătate de meclă pe jos”. 	scene, groază, terasă, capitală, pițipoance, găsite, înghețate, ninsorilor, peste, noapte, polițiștii, sosiți, pentru, razie, rutină, constatat, jurul, orelor, terminat, gazul, încălzitoare, pițipoancele, îmbrăcate, rochițe, pantofi
			
https://www.timesnewroman.ro/descopera-romania/descopera-candidatii-la-prezidentiale-13-lucruri-despre-alexandru-cumpasanu/	Descoperă candidații la prezidențiale! 13 lucruri despre Alexandru Cumpășanu	• Numele lui real este Marian Cumpănaşu, doar că şi-a falsificat până şi certificatul de naştere;   • Deși insistă să le zică fanilor săi cumpănași, denumirea corectă este tâmpiți; • Pe de altă parte, e normal să nu avem niciun fel de așteptări de la Cumpănașu, că doar e născut în Caracal;• Live-urile în care susține că se luptă cu clanurile sunt de fapt filmări de când se joacă în reţea World of Warcraft;• E candidatul care poate asigura continuitatea la Cotroceni. La fel ca Iohannis, și Cumpănașu a obținut lucruri folosindu-se de acte false;• Ce-i scapă lui Cumpănaşu este că imunitatea prezidențială nu acoperă şi cazurile de ospiciu;• Nu mai e invitat la Antena 3 pentru că e Gâdea invidios pe fruntea lui uriaşă;• Deși se crede extrem de relevant, Cumpănașu este atât de insignifiant încât nici măcar nu l-a făcut Tăpălagă borfaş;• E evitat de toate televiziunile nu pentru că ar avea ceva cu el, ci pentru că pute;• Alexandru Cumpănașu e prima victimă a legii care-a făcut ca unele medicamente să nu se mai producă;• Și Vadim mai uita câteodată să-și ia pastilele, dar el măcar era haios, nu penibil, ca Cumpănașu;• A generat o mare dilemă printre români: care jignire e mai gravă, ”băi dăncilule” sau ”băi cumpănaşule”?• Totuși, dacă e să gândim la rece, mai bine îl punem preşedinte, că aşa încasează 2000 de euro pe lună de la stat. Altfel, revine la venituri de 29.000 de euro lunar, ca expert cu diplome false. 	
			
https://www.timesnewroman.ro/unde-iesim/dan-manciulea-folkn-suflet/	Dan Manciulea – Folk’n suflet	Vineri, 12 februarie, concert folk cu Dan Manciulea în Lloyd’s Pub – str. Colței nr. 16. La eveniment va participa, bineînțeles, și berea TNR. Intrarea este liberă, doar că locurile sunt limitate. Cu berea TNR e invers – e pe bani, dar în cantități nelimitate.    	vineri, februarie, concert, manciulea, lloyds, colței, eveniment, participa, bineînțeles, berea, intrarea, liberă, locurile, limitate, invers, cantități, nelimitate
			
https://www.timesnewroman.ro/unde-iesim/ceauniada-de-toamna-in-gradina-la-jai/	Ceauniada de Toamnă • în grădină la J’ai	Weekendul ăsta, vremea ține cu noi. Așa încât, ne mobilizăm rapid și pregătim cea de-a 6-a ediție a Ceauniadei de Toamnă, alături de Kovács Anðrás.Încingem focul, punem ceaunele, apoi scoatem bucătarii în grădină și îi punem la treabă.Meniul arată cam așa:🥣 Supă gulaş – 17 lei🍲 Fasole cu ciolan și murături – 32 lei🥧 Placintă cu mere și nuci – 13 leiVă recomandăm să veniți de la 13:00 fix.Mâncarea e limitată, pân’ se termină ceaunul.Rezervări la telefon: 031 426 20 47    	weekendul, ăsta, vremea, ține, încât, mobilizăm, rapid, pregătim, ediție, ceauniadei, toamnă, alături, kovács, anðrásÎncingem, focul, punem, ceaunele, scoatem, bucătarii, grădină, treabămeniul, arată, așa🥣, supă, gulaş
			
https://www.timesnewroman.ro/life-death/ninge-jandarmii-pun-mana-pe-lopeti-dar-tot-ca-sa-ne-bata/	Ninge! Jandarmii pun mâna pe lopeți, dar tot ca să ne bată	Ninsorile din ultima zi au fost un pretext excelent pentru jandarmi să iasă din nou pe stradă. Înarmați cu lopeți, jandarmii au trecut imediat la fapte, numai că reflexul lor nu e să facă ceva util societății, ci să bată oameni, așa că au început să dea cu lopețile în trecători.   Martorii spun că jandarmii au început prin a da cu niște spray lacrimogen, ca să-i amețească bine pe cetățeni, apoi au chemat duba și au început să încarce răniții cu lopețile în dubă. Ca de obicei, dotarea băieților a fost ireproșabilă. Niciun jandarm nu a avut lopată de plastic, toți au avut lopeți de fier, să simtă fraierii că iau bătaie de la un jandarm român.Singurul moment în care jandarmii chiar au dat zăpada cu lopețile a fost ca să-l scoată pe un individ care se îngropase în zăpadă de frica lor. ”Păi bine, mă, ne faci să muncim ca să putem să te batem?”, l-ar fi apostrofat jandarmii pe cetățean. Jandarmii au demonstrat că sunt foarte ambițioși și au stat mai mult prin ganguri, unde nu ninge, dar sunt foarte mulți români care practic își cer o lopată peste ochi. 	ninsorile, ultima, pretext, excelent, pentru, jandarmi, iasă, stradă, Înarmați, lopeți, jandarmii, trecut, imediat, fapte, numai, reflexul, facă, societății, bată, oameni, început, lopețile, trecătorimartorii, niște, spray
			
https://www.timesnewroman.ro/monden/e-oficial-primavara-mii-de-burti-au-inceput-sa-se-iveasca-de-sub-tricouri		 	
			
https://www.timesnewroman.ro/monden/la-2200-arafat-va-veni-personal-sa-ne-bage-in-pat-sa-ne-inveleasca-si-sa-ne-pupe-pe-frunte/	La 22:00, Arafat va veni personal să ne bage în pat, să ne învelească şi să ne pupe pe frunte	Grupul de Comunicare Strategică™ a anunţat cea mai recentă măsură adoptată în cadrul planului de luptă anti-COVID19 de anul acesta – o măsură controversată, dar cu potenţialul de a fi foarte eficace în combaterea pandemiei.   Seară de seară, Arafat va veni personal la domiciliul fiecărui român ca să se asigure că se culcă la ora 22. „Precum un Moş Ene bărbierit, dar cât se poate de real, domnul Arafat va descinde la locuinţele noastre, ca prin minune, în fiecare seară. Cei pe care nu-i găseşte acasă vor găsi o nuieluşă şi o amenduţă în ghete a doua zi”, spune comunicatul oficial.„Pe noi, ăştia cuminţi, Arafat ne va băga în pătuţ, ne va înveli cu plăpumioara preferată, ne va citi din ‘1001 de nopţi’, ne va ura somnic pufos şi ne va pupa pe frunte de noapte bună”, a adăugat un reprezentant al Guvernului, trecut ulterior brusc de un fior rece.„Puricii să vă sărute!”, a glumit Arafat, confirmând însă că da, cam ăsta e planul pentru următoarele săptămâni. 	grupul, comunicare, strategică™, anunţat, recentă, măsură, adoptată, cadrul, planului, luptă, anti-covid19, acesta, controversată, potenţialul, foarte, eficace, combaterea, pandemieiseară, seară, arafat, personal, domiciliul, fiecărui, român, asigure
			
https://www.timesnewroman.ro/monden/i-se-spune-daniel-sihastrul-un-roman-n-a-mai-intrat-pe-instagram-de-trei-zile/	I se spune Daniel Sihastrul. Un român n-a mai intrat pe Instagram de trei zile	Pustnicia e din ce mai atrăgătoare pentru români! Un bărbat de 42 de ani din judeţul Gorj n-a mai intrat pe Instagram de trei zile, pe facebook de vreo două şi apare ca offline pe WhatsApp de azi dimineaţă. În prezent, cei care îl mai văd „pe viu” spun că i-a crescut o barbă albă, lungă, şi a învăţat să vorbească cu animalele.   Cei câţiva prieteni care încă nu l-au uitat spun că le e dor de Daniel, pe care l-au poreclit Daniel Sihastrul, dar că nu vor să încerce să-l convingă să iasă din schimnicie şi să se întoarcă printre oameni.„Dacă aşa a simţit el chemarea, să nu mai pună poze cu ciorba pe care a mâncat-o azi şi să nu mai dea like la poze cu ciorba mea, înseamnă că aşa a vrut Domnul. Nu-i treaba mea să-i perturb planurile măreţe, chiar dacă pierd un like per ciorbă”, spune cu blândeţe nea Aurel, vecinul de la 4 al pustnicului.„N-are cum să reziste mai mult de o săptămână. Şi părintele Cleopa, pe vremea când locuia în pădure, mai intra cinci minute pe insta să vadă o pereche de crenvurşti pe şezlong în Maldive”, îşi dă cu părerea Eugenia, colegă de birou a lui Daniel Sihastrul. 	pustnicia, atrăgătoare, pentru, români, bărbat, judeţul, intrat, instagram, facebook, două, apare, offline, whatsapp, dimineaţă, prezent, crescut, barbă, albă, lungă, învăţat, vorbească, animalelecei, câţiva, prieteni, încă
			
https://www.timesnewroman.ro/monden/in-sfarsit-prin-bucuresti-au-aparut-adevaratii-vestitori-ai-primaverii-decolteurile/	În sfârşit! Prin Bucureşti au apărut adevăraţii vestitori ai primăverii, decolteurile	După luni de patimă, bărbaţii se pot în sfârşit bucura de primăvară. Încălzirea vremii a creat condiţiile necesare pentru ca decolteurile să scoată capul de sub haine, spre vădita satisfacţie a bărbaţilor.     „Asta cu ghioceii pe post de vestitori ai primăverii e o tâmpenie”, spune reputatul bărbat Decebal Popescu. „Poate în comunitatea gay să fie aşa, dar pentru noi, bărbaţii heterosexuali, venirea primăverii coincide cu apariţia decolteurilor pe stradă. Nu poţi avea erecţie de la ghiocei, ce naiba! Sau, dacă ai, înseamnă că ai o problemă!”Momentul ales de adevăraţii vestitori ai primăverii ca să-şi facă apariţia este cum nu se poate mai bun. „După depresia cauzată de triada groazei, Valentine’s Day, Mărţişor şi 8 Martie, bărbaţii chiar avea nevoie de apariţia decolteurilor pe stradă. E cel mai bun remediu, probabil singurul, la depresia în care ajung bărbaţii din cauza femeilor”, este convins reputatul bărbat. 	decolteu, vestitorii primaverii, femei, barbati, triada grozei, ghiocei, comunitatea gay
			
https://www.timesnewroman.ro/monden/primavara-se-face-tuica-adevarata-romanii-profita-de-reducerile-la-pufoaice/	Primăvara se face ţuica adevărată! Românii profită de reducerile la pufoaice	   Pe măsură ce aşa-numita ţuică de toamnă, cea de prune, se termină, românii încep să fiarbă cu sârg la celebra ţuică de primăvară! Mii de gospodari profită de reducerile la pufoaice din malluri, second-handuri şi bazaruri pentru a produce ieftin rachiul de pufoaică, o băutură extrem de apreciată pe tot întinsul ţării.„Toamna, pe o pufoaică din asta de la Zara dai şi 900 de lei, dar acum în martie o găseşti lejer cu două-trei sute. Îţi ajunge să faci şi zece vedre de rachiu. Sigur, ăsta din pufoaică de Zara e delicatesă, îl fac special pentru nunta lui fi-miu… Da’ găseşti pufoaice şi cu 20 de lei la târg. Şi alea-s bune, dar iese ţuica un pic amăruie”, explică Sile, ţuicar din Urziceni.„Asta e ţuica adevărată, domnule. Păi din prune se face şi magiun, care-i pentru copii. Din pufoaică se poate face magiun? Nu! Deci e pentru bărbaţi adevăraţi!”, argumentează Marcel, gospodar din Adjud.În vestul ţării se produce chiar şi pălinca de pufoaică, o ţuică de pufoaică mult mai tare, care însă nu poate fi fabricată decât din pufoaice de firmă, de la Gucci în sus. 	măsură, aşa-numita, ţuică, toamnă, prune, termină, românii, încep, fiarbă, sârg, celebra, primăvară, gospodari, profită, reducerile, pufoaice, malluri, second-handuri, bazaruri, pentru, produce, ieftin, rachiul, pufoaică, băutură
			
https://www.timesnewroman.ro/monden/decaderea-unui-sex-simbol-romica-tociu-drogurile-si-operatiile-estetice/	Decăderea unui sex simbol: Romică Țociu, drogurile și operațiile estetice	Legendarul actor de comedie Romică Țociu s-a destăinuit într-un interviu istoric la Oprah vorbind despre viața și cariera sa, adicțiile sale, femeile pe care le-a iubit și regrete târzii. Acesta a povestit cum drogurile și operațiile estetice i-au distrus cariera, dar nu s-a arătat foarte deranjat de acest aspect.   Actorul, care în tinerețe era pus pe același piedestal cu Robert Redford și Ovidiu Iuliu Moldovan, a mărturisit cum și-a dorit să semene cât mai mult cu idolul său, instalatorul Mario, dar fără bască. A aruncat zeci de mii de dolari pe operații estetice, dar asta e un mizilic pe lângă banii pe care-i arunca pe droguri. „Nici nu mai țin minte de câte ori înainte să intru cu Cornel Palade pe scena Teatrului de Vară de la Venus băgam câte o linie de cox cu regretatul Dem Rădulescu”, a rememorat Țociu.Odată un sex-simbol care frângea inimile adolescentelor pe litoral pe faleza de la Olimp, Romică Țociu arată acum departe de fizicul care l-a consacrat. Actorul spune că nu și-a refuzat nimic în viață și recunoaște că a făcut sex cu cel puțin 1000 de femei și posibil cu vreo doi băieți mai frumoși. A fost prins de nenumătate ori de paparazzi în poziții indecente, cum ar fi acest pictorial din revista Ciao, imediat după ce a „executat-o” pe soția șefului poliției rutiere Brașov. 	legendarul, actor, comedie, romică, Țociu, destăinuit, într-un, interviu, istoric, oprah, vorbind, despre, viața, cariera, adicțiile, femeile, iubit, regrete, târzii, acesta, povestit, drogurile, operațiile, estetice, distrus
			
https://www.timesnewroman.ro/monden/e-oficial-primavara-burtile-barbatilor-au-inceput-sa-se-iveasca-de-sub-tricouri/	E oficial primăvară! Burţile bărbaţilor au început să se ivească de sub tricouri	Ghioceii şi toporaşii nu sunt singurii vestitori ai primăverii! Prin păduri şi parcuri, burţile încep să scoată, timid, capul de sub tricourile, cămăşile şi maiourile unde şi-au petrecut iarna – semn că sezonul rece s-a sfârşit definitiv.   „E superb, un tablou primăvăratic ca-n cele mai frumoase picturi ale lui Rubens! Cum să nu te inspire aşa o imagine?”, spune Sanda T., o bucureşteancă în a cărei grădină a răsărit un mănunchi proaspăt de burţi păroase.„Să ne bucurăm de ele cât putem!”, avertizează Gigi Popa, biolog. „Din cauza încălzirii globale, a veganismului, a înmulţirii sălilor de fitness şi mai ales a crizei economice, burta de primăvară ar putea dispărea până în 2025.” 	ghioceii, toporaşii, singurii, vestitori, primăverii
			
https://www.timesnewroman.ro/monden/nea-costel-actor-va-juca-in-blockbusterul-terminatorul-de-tuica/	Nea Costel, actor, va juca în blockbusterul Terminatorul de Ţuică	Cunoscutul actor român Nea Costel, celebru pentru filmele care i se derulează în cap când discută politică cu bețivii de la birtul de pe strada Cuza Vodă a finalizat negocierile cu Viacom pentru a apărea în noul film al francizei Terminator, Terminatorul de Țuică. Filmul îi va avea în distribuție și pe Arnold Schwarzenegger și Olivia Wilde.   În noul block-buster, Nea Costel interpretează rolul unui drojdier din anul 2021 în care omenirea este asuprită de roboți, care le spun ce să facă, ce să zică pe internet și cum să se comporte civilizat în societate, altfel riscă ban. Acesta se întoarce în trecut să se întâlnească cu el tânăr, pe vremea când era doar Bă Costel și să-l convingă pe acesta să se țină în continuare de băut că viitorul nu arată deloc luminos.Pentru asta, ajutat de robotul cu față uman interpretat de Arnold, trebuie să-l convingă pe Bă Costel să bea un butoi întreg de țuică înainte ca alți roboți din viitor, puși pe fapte bune, să-l oprească din acest gest și să-l convingă să ducă o viață de om sobru. Roboții viitorului vor să-l transforme pe Costel într-un corporatist decent, cu mapă, poză de profil pe Facebook de om serios, care duce mâna la tâmplă și pare că gândește, care se revoltează mediu cu privire la subiectele zilei și se îmbată doar în cadru organizat, la degustări de vin și se pișă pe pantaloni doar în UBER-ul care-l duce acasă. 	cunoscutul, actor, român, costel, celebru, pentru, filmele, derulează, când, discută, politică, bețivii, birtul, strada, vodă, finalizat, negocierile, viacom, apărea, francizei, terminator, terminatorul, Țuică, filmul, distribuție
			
https://www.timesnewroman.ro/monden/ue-interzice-tigarile-slim-ca-sa-nu-mai-aratam-ca-niste-fatalai/	UE interzice țigările slim, ca să nu mai arătăm ca niște fătălăi	Batjocura la adresa demnității umane este pe care să se încheie. UE a anunțat că va interzice țigările slim, celebrele obiecte a căror unică menire este să te facă să arăți ca ultimul fătălău. Noile norme europene vor avea standarde clare privind dimensiunea și grosimea țigărilor, astfel încât astfel de evenimente abominabile să nu se mai repete niciodată.   „De când au apărut țigările slim, apelativul fătălău efectiv a explodat“, spune europarlamentarul Pierre de Cebal, inițiatorul proiectului de interzicere. „Lumea a ajuns să fumeze cu teamă, din cauză că o țigară slim te face ridicol. De asemenea, nimeni nu și-a mai pus poze de profil în social media cu țigara, de frica comentariilor pe care le-ar primi.“O altă măsură, poate chiar mai benefică pentru fumători, pe care o pregătesc oficialii europeni este introducerea unor pedepse consistente pentru cei care fură brichete. „Începând de la amenzi de sute de euro, dar mergând chiar și până la un an de închisoare cu executare, în cazul celor care subtilizează mai mult de trei brichete într-o zi“, a anunțat Pierre de Cebal. 	batjocura, adresa, demnității, umane, încheie, anunțat, interzice, țigările, celebrele, obiecte, căror, unică, menire, facă, arăți, ultimul, fătălău, noile, norme, europene, standarde, clare, privind, dimensiunea, grosimea
			
https://www.timesnewroman.ro/monden/petrica-mitu-stoian-mesaj-pentru-doamne-de-8-martie-coace-doamne-prunele/	Petrică Mîţu Stoian, mesaj pentru doamne de 8 Martie: Coace, doamne, prunele!	Îndrăgitul interpret de muzică populară Petrică Mîţu Stoian n-avea cum să rămână singurul artist al ţării care n-a difuzat un mesaj pentru doamne de 8 Martie.   Întrebat de jurnaliştii Etno care e mesajul său pentru doamne, Mîţu a răspuns, ferm şi hotărât ca întotdeauna:„Coace, doamne, prunele!”După ce i s-a explicat că 8 Martie nu e ziua lui „doamne-doamne”, divinitatea cocătoare de prune, ci a doamnelor, deci ar trebui să transmită doamnelor un mesaj special, Petrică şi-a corectat imediat urarea, mieunând cu jumătate de gură: „Coace, doamnelor, prunele”.„Mie nu-mi sună bine da’ dacă aşa zice gramatica… Or fi schimbat ăştia DOOM-ul? Probabil, dar n-aveam de unde să ştiu, eram ocupat cu ţuica”, a adăugat artistul. „Important e să coacă cineva prunele şi anul ăsta.” 	Îndrăgitul, interpret, muzică, populară, petrică, mîţu, stoian, n-avea, rămână, singurul, artist, ţării, difuzat, mesaj, pentru, doamne, martieÎntrebat, jurnaliştii, mesajul, răspuns, hotărât, întotdeaunacoace, pruneledupă, explicat, martie
			
https://www.timesnewroman.ro/monden/ctp-sustine-ca-in-84-l-a-ridicat-militia-de-pe-strada-pentru-ca-avea-plete/	CTP susţine că în ’84 l-a ridicat Miliția de pe stradă pentru că avea plete	   În sfârşit, omenirea a aflat de ce e CTP atât de încrâncenat şi de furios tot timpul! În cea mai recentă emisiune a sa de la Digi 25, gazetarul a povestit cum, în toamna lui 1984, a fost săltat de Miliţie de pe stradă pentru că avea plete.„Aveam o coamă luxuriantă, de leu tânăr, şi un breton ca un stufăriş impenetrabil. Mergeam ţanţoş, cu părul în vânt, le zâmbeam tuturor, ah, eram aşa mândru de pletele mele angelice. Ăsta, Remus Cernea, ăsta era mic copil pe lângă mine! Nu eram bogat, dar aveam plete superbe şi nu-mi trebuia mai mult”, a povestit CTP, retrăind fiecare clipă de parcă ar fi fost în urmă cu doar şase ore şi 20 de minute. „Până în ziua aia fatidică, când, venind spre casă de la coafor, am decis să scurtez drumul printr-un gang, pe lângă Circa 10 de Miliţie”, „Într-o clipă, visul meu de a fi cel mai pletos om al generaţiei mele s-a năruit. Îmi aduc aminte şi acum rânjetul malefic al miliţianului. Căpitanul Marin parcă îl chema. M-a dus în beciul ăla, mi-a făcut un masaj capilar şi m-a tuns definitiv, atât de temeinic şi de vârtos încât de atunci îmi mai creşte un singur păr, nici nu vă zic unde”, a adaugat îndrăgitul critic de tenis, film şi în general critic de chestii.Înduioşaţi, mai mulţi telespectatori i-au oferit lui CTP diferite peruci sau chiar părul lor natural, însă gazetarul a precizat că îşi va purta în continuare chelia, cu stoicism, ca o amintire pieloasă şi gălbuie a fragilităţii existenţei umane. 	sfârşit, omenirea, aflat, atât, încrâncenat, furios, timpul, recentă, emisiune, gazetarul, povestit, toamna, săltat, miliţie, stradă, pentru, pleteaveam, coamă, luxuriantă, tânăr, breton, stufăriş, impenetrabil, mergeam, ţanţoş
			
https://www.timesnewroman.ro/life-death/muntele-athos-plin-de-pet-uri-de-apa-sfintita-lasate-de-pelerini/	Muntele Athos, plin de PET-uri de apă sfinţită lăsate de pelerini	Călugării din cel mai sacru loc al Greciei se plâng de o veritabilă bombă ecologică! Cele mai multe mănăstiri de pe Muntele Athos au decis să nu mai ofere apă sfinţită la PET după ce Poutsos Saganaki, pădurarul peninsulei, a constatat că pelerinii aruncă fără discernământ ambalajele nebiodegradabile, ducând la apariţia de mici mormane sfinţite care perturbă echilibrul întregii zone.   „Să zicem că sunt un pelerin şi cumpăr un PET de 3 litri de apă sfinţită ca să scot dracii din mine, da’ îmi ajung doi litri şi ceva pentru toţi dracii. Arunc ambalajul în pădure, nu? Poate nu l-am închis bine, şi toată apa aia sfinţită ajunge în mediul înconjurător, sfinţind buburuze şi alte goange, pe care ulterior le mănâncă păsările. Păsările sfinţite sunt mâncate de pisici, vulpi, lupi… cu ce ne alegem? Cu haite de lupi sfinţiţi, cu superputeri, care ne decimează turmele de capre prin rugăciune”, se plânge fratele Papastratos, stareţul mănăstirii Assos Lights.„Dacă mă întrebaţi pe mine, sfârşitul PET-ului e aproape. Urmează domnia de o mie de ani a dozatorului cu păhăruţe enervante de hârtie”, a profeţit un pustnic din apropiere. 	călugării, sacru, greciei, plâng, veritabilă, bombă, ecologică, multe, mănăstiri, muntele, athos, decis, ofere, sfinţită, după, poutsos, saganaki, pădurarul, peninsulei, constatat, pelerinii, aruncă, fără, discernământ, ambalajele
