Ministrul EducaÈ›iei, Sorin CÃ®mpeanu, a declarat la Digi24 cÄƒ È™coala online nu a fost eficientÄƒ pentru cÄƒ profesorii nu au fost pregÄƒtiÈ›i pentru asta, dar a adÄƒugat cÄƒ predarea online va continua acolo unde este adecvat, dupÄƒ ce va fi Ã®ncheiatÄƒ pandemia...	ğŸ¥º
Ministrul EducaÈ›iei, Sorin CÃ®mpeanu, a spus la Digi24 cÄƒ rezultatele simulÄƒrilor la Evaluarea NaÈ›ionalÄƒ au fost surprinzÄƒtoare È™i cÄƒ aratÄƒ cÃ¢t de bine s-au mobilizat elevii de clasa a opta pentru aceste examene, deÈ™i ar fi fost acuze legate de...	ğŸ¥º
Aproape 140.000 de doze de vaccin AstraZeneca vor ajunge duminicÄƒ la Institutul NaÈ›ional de Cercetare Dezvoltare Medico-MilitarÄƒ â€Cantacuzinoâ€. Transportul este asigurat de firma producÄƒtoare, iar dozele de vaccin vor fi aduse Ã®n BucureÈ™ti pe cale...	ğŸ¥º
Liderul PNL Ludovic Orban a transmis un avertisment dur, sÃ¢mbÄƒtÄƒ, cÄƒtre miniÈ™trii care lanseazÄƒ atacuri la adresa premierului Florin CÃ®È›u. El a atras atenÈ›ia cÄƒ miniÈ™trii care Ã®l atacÄƒ pe prim-ministru trebuie sÄƒ aibÄƒ bagajele fÄƒcute È™i demisiile scrise.	ğŸ¥º
Premierul Florin CÃ®Å£u a declarat cÄƒ decizia agenÅ£iei Standard & Poor de modificare a perspectivei RomÃ¢niei de la â€negativâ€ la â€stabilâ€ e garanÅ£ia cÄƒ guvernul sau a procedat corect Ã®n aceastÄƒ perioadÄƒ ÅŸi a spus cÄƒ â€eroiiâ€ din spatele acestei decizii sunt...	ğŸ¥º
Ãn ultimele 24 de ore au fost confirmate Ã®ncÄƒ 3.474 de cazuri de infecÈ›ie cu coronavirus, Ã®n timp ce numÄƒrul persoanelor aflate Ã®n stare gravÄƒ trece iar de 1.500.	ğŸ¥º
Diagnosticarea unei patologii grave poate avea un impact emoÈ›ional foarte mare asupra oricÄƒrui pacient. DorinÈ›a acestuia de a obÈ›ine o a doua opinie medicalÄƒ este fireascÄƒ, total Ã®ndreptÄƒÈ›itÄƒ È™i de Ã®nÈ›eles.	ğŸ¥º
Ãn timp ce efectele negative ale actualei pandemii sunt evidente, numeroÅŸi germani au gÄƒsit ÅŸi o parte pozitivÄƒ a lockdown-ului impus, potrivit unui studiu amplu efectuat de Panelul Socio-Economic (SOEP), publicat vineri, relateazÄƒ agenÅ£ia DPA. Astfel...	ğŸ¥º
Ãn RomÃ¢nia au fost confirmate, pÃ¢nÄƒ acum, 1.027.039 infectÄƒri cu coronavirus. Ãn total, Ã®n RomÃ¢nia au murit 26.072 de persoane infectate cu coronavirus. Primul caz de coronavirus confirmat pe teritoriul È›Äƒrii a fost anunÈ›at la 26 februarie 2020...	ğŸ¥º
Un È™ofer care mergea de la TimiÈ™oara spre Urseni a aflat cÄƒ drumul sÄƒu spre casÄƒ nu va mai exista. SituaÈ›ia este o consecinÈ›Äƒ a faptului cÄƒ prin avizele emise pentru centura TimiÈ™oara Sud, un drum de acces urban va fi blocat definitiv de centura de zece...	ğŸ¥º
Ãn 29 de localitÄƒÈ›i din judeÈ›ul Gorj, liniÈ™tea publicÄƒ este asiguratÄƒ de poliÈ›iÈ™tii locali. AceÈ™tia sunt funcÈ›ionari publici aflaÈ›i Ã®n subordinea primÄƒriilor, iar salariile lor sunt plÄƒtite din bugetele locale. BÄƒleÈ™ti este una dintre comunele gorjene...	ğŸ¥º
Ministrul Transporturilor, CÄƒtÄƒlin DrulÄƒ, a anunÅ£at demolarea a 63 de spaÅ£ii comerciale amplasate Ã®n incinta a 10 staÅ£ii de metrou din sectoarele 1, 2, 4 ÅŸi 6 ale Capitalei.	ğŸ¥º
Decesele asociate Covid-19 la nivel global a depÄƒÈ™it sÃ¢mbÄƒtÄƒ pragul de 3 milioane, potrivit noilor date Ã®nregistrate de Universitatea Johns Hopkins (JHU). TotodatÄƒ, numÄƒrul contagierilor globale a ajuns la peste 140 de milioane, potrivit EFE, citatÄƒ de...	ğŸ¥º
InformaÈ›ii noi Ã®n cazul incidentului È™ocant de la PiteÈ™ti, unde un om a murit chiar Ã®n momentul Ã®n care patru poliÈ›iÈ™ti Ã®ncercau sÄƒ Ã®l imobilizeze. BÄƒrbatul de 63 de ani a intrat Ã®n stop cardio respirator dupÄƒ ce a fost trÃ¢ntit la pÄƒmÃ¢nt È™i nu a mai...	ğŸ¥º
Florin BÄƒrbÄƒscu, tatÄƒl vitreg al gimnastei CÄƒtÄƒlina Ponor, a fost plasat sub control judiciar Ã®n urma unui incident Ã®n care a fost implicat pe 6 martie, cÃ¢nd ar fi lovit doi poliÈ›iÈ™ti locali din ConstanÈ›a. Acesta a fost acuzat de ultraj. Ulterior...	ğŸ¥º
Grupul de Comunicare StrategicÄƒ a anunÈ›at noi decese Ã®n RomÃ¢nia provocate de Covid-19. BilanÈ›ul total a ajuns, miercuri, 29 aprilie, la 688 morÈ›i.	ğŸ¥º
Partidul Social Democrat reacÈ›ioneazÄƒ dupÄƒ acuzaÈ›iile fÄƒcute de fostul ministru al SÄƒnÄƒtÄƒÈ›ii Vlad Voiculescu, care a declarat vineri cÄƒ â€existÄƒ diferenÅ£e fundamentale Ã®ntre numerele raportate ÅŸi cele realeâ€ ale deceselor COVID-19.	ğŸ¥º
Perioada Ã®n care contribuabilii pot beneficia de ÅŸtergerea dobÃ¢nzilor ÅŸi penalitÄƒÅ£ilor a fost prelungitÄƒ cu 10 luni, pÃ¢nÄƒ la 31 ianuarie 2022, a anunÅ£at ministrul FinanÅ£elor, Alexandru Nazare, pe pagina sa de Facebook. â€œAm prelungit cu 10 luni, pÃ¢nÄƒ la...	ğŸ¥º
Cartea de identitate electronicÄƒ nu va fi obligatorie, Ã®nsÄƒ fÄƒrÄƒ acest document cetÄƒÅ£enii nu vor mai putea cÄƒlÄƒtori Ã®n strÄƒinÄƒtate, a afirmat joi preÅŸedintele AutoritÄƒÅ£ii pentru Digitalizarea RomÃ¢niei (ADR), Octavian Oprea. De asememenea, documentul le...	ğŸ¥º
AutoritÄƒÈ›ile romÃ¢ne au anunÈ›at duminicÄƒ mÄƒsuri restrictive fÄƒrÄƒ precedent dupÄƒ RevoluÈ›ie, Ã®n Ã®ncercarea de a evita rÄƒspÃ¢ndirea noului coronavirus. Astfel, au fost stabilitÄƒ È™i o procedurÄƒ de suspendare a cursurilor Ã®n unitÄƒÈ›ile de Ã®nvÄƒÈ›ÄƒmÃ¢nt, Ã®n cazul...	ğŸ¥º
Ãn ultimele 24 de ore au fost raportate 6.752 de cazuri de COVID-19, din 21.552 de teste. Rata de infectare este de 31,33%, ceea ce Ã®nseamnÄƒ cÄƒ unu din trei romÃ¢ni testaÈ›i Ã®n ultimele 24 au ieÈ™it pozitiv la test. AlÈ›i 86 de romÃ¢ni au murit dupÄƒ ce s-au...	ğŸ¥º
PÃ¢nÄƒ astÄƒzi, pe teritoriul RomÃ¢niei, au fost confirmate 13.163 de cazuri de persoane infectate cu COVID-19. Dintre persoanele confirmate, 4.869 au fost declarate vindecate È™i externate.	ğŸ¥º
PoliÈ›ia din Chicago a publicat imagini filmate din momentul Ã®n care un bÄƒiat de 13 ani a fost Ã®mpuÈ™cat mortal de un poliÈ›ist. Incidentul s-a Ã®ntÃ¢mplat la sfÃ¢rÈ™itul lunii trecute.	ğŸ¥º
Apetitul pentru cÄƒlÄƒtorii creÈ™te dupÄƒ un an de restricÈ›ii, dar multe proceduri rÄƒmÃ¢n Ã®n vigoare. ReprezentanÈ›ii companiilor aeriene spun cÄƒ, de multe ori, pasagerii nu se informeazÄƒ bine Ã®n legÄƒturÄƒ cu actele de care au nevoie pentru destinaÈ›iile lor. Ãn...	ğŸ¥º
O fetiÈ›Äƒ de 9 ani din BistriÈ›a-NÄƒsÄƒud a sunat la 112 pentru a anunÈ›a cÄƒ a gÄƒsit un portofel uitat pe o bancÄƒ, Ã®ntr-o staÈ›ie de autobuz. Serviciul de TelecomunicaÅ£ii Speciale publicÄƒ dialogul cu copila.	ğŸ¥º
CopreÈ™edintele AlianÈ›ei USR PLUS, Dan Barna, a discutat, joi, cu preÈ™edintele Klaus Iohannis, a declarat la Digi24 europarlamentarul USR PLUS DragoÈ™ Tudorache.	ğŸ¥º
Pe teritoriul RomÃ¢niei, au fost confirmate 15.131 de cazuri de persoane infectate cu noul coronavirus, anunÈ›Äƒ Grupul de Comunicare StrategicÄƒ. Dintre persoanele confirmate pozitiv, 6.912 au fost declarate vindecate È™i externate.	ğŸ¥º
Membri ai comisiei pentru afaceri externe a parlamentului german au descris tratamentul aplicat lui Aleksei NavalnÃ®i, principalul opozant al Kremlinului, drept â€torturÄƒ Å£intitÄƒâ€, transmite sÃ¢mbÄƒtÄƒ dpa, citatÄƒ de Agerpres.	ğŸ¥º
Ãn ultimele 24 de ore au fost confirmate 3.264 de cazuri noi de COVID-19, din peste 36.000 de teste. Ãn acelaÈ™i interval, 137 de romÃ¢ni infectaÈ›i cu coronavirus au murit. La secÈ›iile de Terapie IntensivÄƒ din È›arÄƒ sunt internaÈ›i 1.493 de pacienÈ›i COVID.	ğŸ¥º
A crescut numÄƒrul deceselor provocate de coronavirus Ã®n RomÃ¢nia, pÃ¢nÄƒ la 116.	ğŸ¥º
ÃncÄƒ patru persoane au murit din cauza coronavirusului, potrivit informaÈ›iilor transmise de autoritÄƒÈ›i. BilanÈ›ul total creÈ™te la 1.156.	ğŸ¥º
ÃncÄƒ 1.145 de cazuri de infectare cu coronavirus au fost raportate Ã®n ultimele 24 de ore, bilanÈ›ul de la Ã®nceputul pandemiei ajungÃ¢nd la 61.768 de cazuri. 30.119 pacienÈ›i au fost declaraÈ›i vindecaÈ›i È™i 6.371 de pacienÈ›i asimptomatici au fost externaÈ›i la...	ğŸ¥º
Ministrul EducaÈ›iei, Sorin CÃ®mpeanu, a declarat la Digi24 cÄƒ È™coala online nu a fost eficientÄƒ pentru cÄƒ profesorii nu au fost pregÄƒtiÈ›i pentru asta, dar a adÄƒugat cÄƒ predarea online va continua acolo unde este adecvat, dupÄƒ ce va fi Ã®ncheiatÄƒ pandemia...	ğŸ¥º
Ne pregÄƒtim, Ã®n aceastÄƒ lunÄƒ, pentru un fenomen cosmic spectaculos: Lyridele. Ploaia de stele cÄƒzÄƒtoare poate fi observatÄƒ È™i din RomÃ¢nia, Ã®n nopÈ›ile din perioada 22 â€“ 24 aprilie 2021. Semnalul Ã®nceperii ploii de stele, Lyride, va fi dat Ã®n data de 15...	ğŸ¥º
PÃ¢nÄƒ astÄƒzi, pe teritoriul RomÃ¢niei au fost confirmate 22.415 de cazuri de persoane infectate cu COVID-19. Dintre accestea, 16.071 au fost declarate vindecate È™i externate.	ğŸ¥º
Compania israelianÄƒ de echipamente militare Elbit vrea sÄƒ mute Ã®n RomÃ¢nia producÈ›ia uneia dintre dronele sale, scrie HotNews.	ğŸ¥º
Ãn ultimele 24 de ore au fost 1.629 de cazuri noi de COVID-19, din 25.494 de teste efectuate. AlÈ›i 42 de romÃ¢ni au murit din cauza infecÈ›iilor cu coronavirus. La terapie intensivÄƒ sunt internaÈ›i 508 pacienÈ›i cu COVID-19.	ğŸ¥º
UEFA vrea ca toate meciurile de fotbal de la campionatul EURO 2020, care se va desfÄƒÅŸura Ã®n aceastÄƒ varÄƒ dupÄƒ ce a fost amÃ¢nat din cauza pandemiei de coronavirus, sÄƒ se joace cu spectatori Ã®n tribune. UEFA nu va accepta ca meciurile sÄƒ se dispute cu...	ğŸ¥º
3.048 cazuri noi de persoane infectate cu SARS-CoV-2 au fost confirmate Ã®n ultimele 24 de ore. La terapie intensivÄƒ sunt Ã®n continuare internaÈ›i 955 de pacienÈ›i. De la ultimul bilanÈ› au fost Ã®nregistrate 79 de decese Ã®n rÃ¢ndul pacienÈ›ilor COVID.	ğŸ¥º
ÃncÄƒ 6 decese provocate de coronavirus au fost anunÈ›ate, luni dimineaÈ›Äƒ de Grupul de Comunicare StrategicÄƒ. BilanÈ›ul total a ajuns astfel la 156 de morÈ›i.	ğŸ¥º
4.272 de noi cazuri de coronavirus au fost Ã®nregistrate Ã®n ultimele 24 de ore, din 14.588 teste efectuate. Au murit Ã®ncÄƒ 199 de romÃ¢ni dupÄƒ ce s-au infectat cu COVID-19. La Terapie IntensivÄƒ sunt internaÈ›i 1.259 de pacienÈ›i.	ğŸ¥º
DupÄƒ ce fostul ministru al SÄƒnÄƒtÄƒÈ›ii, Vlad Voiculescu, a declarat, vineri dimineaÈ›Äƒ, Ã®ntr-o conferinÈ›Äƒ de presÄƒ cÄƒ existÄƒ diferenÈ›e Ã®ntre decesele raportate de autoritÄƒÈ›i È™i cele reale, fÄƒrÄƒ sÄƒ poatÄƒ oferi dovezi Ã®n acest sens, Serviciul de...	ğŸ¥º
SelecÅ£ionerul echipei naÅ£ionale a RomÃ¢niei, Mirel RÄƒdoi, a declarat, miercuri seara, la postul Pro X, dupÄƒ Ã®nfrÃ¢ngerea cu 2-3 suferitÄƒ Ã®n deplasare cu Armenia, cÄƒ se gÃ¢ndeÅŸte la demisie, el precizÃ¢nd cÄƒ va avea o discuÅ£ie cu conducerea FRF pentru cÄƒ...	ğŸ¥º
Ãn ultimele 24 de ore au fost raportate 5.808 cazuri noi de COVID-19, din aproape 40.000 de teste efectuate. AlÈ›i 145 de romÃ¢ni au murit dupÄƒ ce s-au infectat cu noul coronavirus. CreÈ™te din nou numÄƒrul pacienÈ›ilor internaÈ›i la ATI È™i ajunge la 1.454.	ğŸ¥º
AutoritÄƒÈ›ile au confirmat vineri noi decese Ã®n rÃ¢ndul pacienÈ›ilor cu noul coronavirus. 6 dintre acestea s-au petrecut Ã®ntre 6 È™i 15 aprilie, dar au fost confirmate abia acum. Este vorba despre pacienÈ›i din Suceava, potrivit Grupului de Comunicare...	ğŸ¥º
Ãn ultimele 24 de ore au fost raportate 550 de cazuri noi de COVID-19, cel mai mare numÄƒr Ã®nregistrat Ã®n RomÃ¢nia de la Ã®nceputul pandemiei de coronavirus. Recordul negativ din ultimele 24 de ore l-a depÄƒÈ™it pe cel din 11 aprilie, cÃ¢nd RomÃ¢nia numÄƒra 523...	ğŸ¥º
Ãn ultimele 24 de ore au fost raportate 4.951 de cazuri noi, din 31.393 de teste efectuate. AlÈ›i 111 romÃ¢ni au murit din cauza infecÈ›iei cu coronavirus. La ATI sunt internaÈ›i 1.106 pacienÈ›i COVID.	ğŸ¥º
Maia Sandu, preÈ™edinta Republicii Moldova, l-a desemnat pentru funcÈ›ia de prim-ministru al guvernului È›Äƒrii pe liderul Partidului AcÈ›iune È™i Solidaritate, Igor Grosu, conform presei moldovene citate de Agerpres.	ğŸ¥º
RomÃ¢nia a depÄƒÈ™it pragul de 10.000 de infectÄƒri zilnice. Ãn ultimele 24 de ore au fost raportate 10.260 de cazuri noi. AlÈ›i 123 de romÃ¢ni au murit din cauza infecÈ›iilor cu coronavirus.	ğŸ¥º
Ãn ultimele 24 de ore au fost 5.837 de cazuri noi de COVID-19, din 20.790 de teste - rata de pozitivare este de 28%. Alte 131 de persoane au murit dupÄƒ ce s-au infectat cu coronavirus, astfel cÄƒ bilanÈ›ul total depÄƒÈ™eÈ™te 10.000 de decese. La ATI sunt...	ğŸ¥º
PÃ¢nÄƒ astÄƒzi, 12 mai, pe teritoriul RomÃ¢niei, au fost confirmate 15.778 de cazuri de persoane infectate cu noul coronavirus, anunÈ›Äƒ Grupul de Comunicare StrategicÄƒ. Dintre persoanele confirmate pozitiv, 7.685 au fost declarate vindecate È™i externate...	ğŸ¥º
Ãn ultimele 24 de ore au fost raportate 6.546 de cazuri noi de COVID-19, cel mai mare numÄƒr de Ã®mbolnÄƒviri de la Ã®nceputul pandemiei. CreÈ™te È™i numÄƒrul deceselor din cauza infecÈ›iilor cu coronavirus, alÈ›i 103 romÃ¢ni au murit.	ğŸ¥º
Cel de- al È™aptelea deces al unui pacient infectat cu noul coronavirus a fost Ã®nregistrat luni seaara, a anunÈ›at Grupul de Comunicare StrategicÄƒ.	ğŸ¥º
Premierul Florin CÃ®È›u a transmis alianÈ›ei USR PLUS cÄƒ aÈ™teaptÄƒ cÃ¢t mai curÃ¢nd o nominalizare pentru funcÈ›ia de ministru al SÄƒnÄƒtÄƒÈ›ii.	ğŸ¥º
Ministrul FinanÈ›elor Alexandru Nazare anunÈ›Äƒ, Ã®ntr-un mesaj pe Facebook, cÄƒ aproximativ 40 de milioane de lei, reprezentÃ¢nd suma destinatÄƒ pensiilor speciale ale parlamentarilor, au fost transferaÈ›i pentru a fi folosiÈ›i Ã®n pentru â€lupta Ã®mpotriva...	ğŸ¥º
AcÈ›iunile Tesla au scÄƒzut cu 8,55% luni, Ã®n timp ce investitorii care pariazÄƒ pe o revenire a economiilor dupÄƒ pandemie au renunÈ›at la acÈ›iuni Big Tech.	ğŸ¥º
Ãn ultimele 24 de ore au fost 1.392 de cazuri noi de COVID-19, din 25.363 de teste efectuate. Alte 42 de persoane au murit din cauza infecÈ›iei cu coronavirus, Ã®n timp ce la Terapie IntensivÄƒ sunt internaÈ›i 497 de pacienÈ›i.	ğŸ¥º
Ministrul Energiei, Virgil Popescu, anunÅ£Äƒ cÄƒ atÃ¢t ANRE cÃ¢t ÅŸi ANPC au, Ã®n acest moment, controale Ã®n desfÄƒÅŸurare la furnizorii de energie iar din datele parÅ£iale reiese cÄƒ existÄƒ practici comerciale incorecte la Ã®ncheierea contractelor de energie.	ğŸ¥º
Ãn ultimele 24 de ore au fost raportate 4.424 de cazuri noi de COVID-19, din 32.837 de teste efectuate, atÃ¢t PCR cÃ¢t È™i teste rapide. AlÈ›i 88 de romÃ¢ni au murit dupÄƒ ce s-au infectat cu coronavirus. La terapie intensivÄƒ sunt internaÈ›i 1.081 de pacienÈ›i...	ğŸ¥º
Digi Sport continuÄƒ seria transmisiunilor handbalistice de top cu meciurile celei de-a XXVII-a ediÈ›ii a Campionatului Mondial de Handbal Masculin. CompetiÈ›ia va Ã®ncepe miercuri, 13 ianuarie, meciurile fiind difuzate Ã®n direct pe posturile Digi Sport È™i...	ğŸ¥º
ACTUALIZARE 16.30 Alte patru persoane au decedat din cauza Sars-Cov-2, a transmis, duminicÄƒ, Grupul de Comunicare StrategicÄƒ. BilanÈ›ul a urcat la 1.266 de morÈ›i.	ğŸ¥º
Omenirea este la un pas de o epidemie de Parkinson, avertizeazÄƒ specialiÈ™tii care au descoperit un nou factor de risc pentru boala neurologicÄƒ: o substanÈ›Äƒ care se gÄƒseÈ™te Ã®n numeroase produse de uz casnic.	ğŸ¥º
Invstitorii turci se orienteazÄƒ spre criptomonede, dupÄƒ ce decizia preÈ™edintelui Recep Erdogan de a-l demite pe guvernatorul bÄƒncii centrale a dus la o scÄƒderea a cotaÈ›iei lirei turceÈ™ti aproape de minimul istoric. Naci Agbal, demis Ã®n martie, este al...	ğŸ¥º
Rusia a criticat UE ÅŸi SUA faÅ£Äƒ de ceea ce Moscova considerÄƒ â€amestec Ã®n afacerile interneâ€ ale Republicii Moldova. ReacÅ£ia a venit din partea Ministerului de Externe rus dupÄƒ declaraÅ£iile fÄƒcute recent de ambasadorul SUA la ChiÅŸinÄƒu, Dereck J. Hogan...	ğŸ¥º
Ãn ultimele 24 de ore au fost raportate 3.400 de cazuri noi de COVID-19, din 29.400 de teste. AlÈ›i 65 de romÃ¢ni au murit din cauza infecÈ›iilor cu coronavirus. CreÈ™te rata de infectare Ã®n BucureÈ™ti È™i ajunge la 3,23/mia de locuitori. La terapie intensivÄƒ...	ğŸ¥º
Èšara noastrÄƒ a Ã®nregistrat 2.668 de cazuri noi de coronavirus È™i 68 de decese Ã®n ultimele 24 de ore. Au fost efectuate 31.384 de teste, ceea ce indicÄƒ o ratÄƒ de pozitivare de 8,5%. NumÄƒrul pacienÈ›ilor ATI a depÄƒÈ™it pragul de 1.000.	ğŸ¥º
Oamenii de ÅŸtiinÅ£Äƒ au reuÅŸit sÄƒ obÅ£inÄƒ un organism sintetic unicelular care se divide ÅŸi se multiplicÄƒ la fel ca organismele biologice unicelulare, o reuÅŸitÄƒ care ar putea duce la construcÅ£ia unor nanocomputere ÅŸi a unor noi modalitÄƒÅ£i de sintezÄƒ ÅŸi de...	ğŸ¥º
Fosta handbalistÄƒ Oana Manea a spus, Ã®n urma eÈ™ecului RomÃ¢niei Ã®n faÈ›a Rusiei, scor 18-27, cÄƒ, dacÄƒ Ã®n repriza a doua tricolorele ar fi jucat la fel ca Ã®n prima jumÄƒtate, naÈ›ionala ar fi putut Ã®nvinge.	ğŸ¥º
Ãn sectorul 1 al Capitalei a Ã®nceput curÄƒÈ›area stÃ¢lpilor de cablurile inactive. ÃndepÄƒrtarea acestora nu va afecta, Ã®nsÄƒ, reÈ›eaua de cabluri funcÈ›ionale din BucureÈ™ti. Cu alte cuvinte, accesul la internet È™i telefonie fixÄƒ nu va fi periclitat. Primul...	ğŸ¥º
Iubitorii fotbalului se pregÄƒtesc pentru cele mai spectaculoase meciuri ale UEFA Champions League È™i UEFA Europa League, care au ajuns Ã®n faza sferturilor Ã®n acest sezon atipic, Ã®ncÄƒ marcat de restricÈ›iile impuse de pandemia COVID-19.	ğŸ¥º
Ãn ultimele 24 de ore au fost raportate 1.454 de cazuri noi de infecÈ›ie cu coronavirus, un nou record negativ. Au fost efectuate 22.649 de teste. De asemenea, de ieri pÃ¢nÄƒ azi au murit 53 de persoane bolnave de COVID-19.	ğŸ¥º
Grupul de comunicare strategicÄƒ anunÈ›Äƒ È™ase noi decese Ã®n RomÃ¢nia din cauza COVID-19 Ã®n BucureÈ™ti, Suceava, BistriÈ›a È™i Covasna. BilanÈ›ul morÈ›ilor ajunge miercuri seara la 92.	ğŸ¥º
Secretarul de stat Andrei Baciu, cÄƒruia premierul Florin CÃ®È›u i-a delegat atribuÈ›iile de ministru interimar al sÄƒnÄƒtÄƒÈ›ii, a prezenat vineri o situaÈ›ie a paturilor noi de terapie intensivÄƒ È™i terapie interimarÄƒ pentru pacienÈ›ii COVID, dar a evitat orice...	ğŸ¥º
Ãn ultimele 24 de ore au fost raportate 2.815 cazuri noi de COVID-19, din 34.929 de teste PCR È™i teste rapide. AlÈ›i 62 de romÃ¢ni au murit dupÄƒ ce s-au infectat cu coronavirus. La terapie intensivÄƒ sunt 935 de pacienÈ›i.	ğŸ¥º
Ãn ultimele 24 de ore s-au Ã®nregistrat 2.719 noi cazuri de infectare cu noul coronavirus, din 26 744 de teste. De asemenea, au fost raportate 94 de decese, bilanÅ£ul morÈ›ilor fiind de 17.722. NumÄƒrul pacienÅ£ilor internaÅ£i la ATI este de 1.016, anunÈ›Äƒ...	ğŸ¥º
PÃ¢nÄƒ astÄƒzi, 9 iunie, pe teritoriul RomÃ¢niei, au fost confirmate 20.749 de cazuri de persoane infectate cu noul coronavirus, anunÈ›Äƒ Grupul de Comunicare StrategicÄƒ. Dintre persoanele confirmate pozitiv, 14.910 au fost declarate vindecate È™i externate...	ğŸ¥º
Guvernul a aprobat Ã®n È™edinÈ›a de joi proiectul de lege care prevede implementarea reÈ›elelor 5G Ã®n RomÃ¢nia. Potrivit proiectului, furnizorii de comunicaÈ›ii vor putea utiliza Ã®n reÈ›elele 5G numai tehnologii, echipamente È™i programe software de la...	ğŸ¥º
PÃ¢nÄƒ astÄƒzi, 19 iunie, pe teritoriul RomÃ¢niei, au fost confirmate 23.400 de cazuri de persoane infectate cu noul coronavirus. Dintre persoanele confirmate pozitiv, 16.555 au fost declarate vindecate È™i externate. PÃ¢nÄƒ astÄƒzi, 1.484 persoane diagnosticate...	ğŸ¥º
PÃ¢nÄƒ astÄƒzi, 7 mai, pe teritoriul RomÃ¢niei, au fost confirmate 14.499 de cazuri de persoane infectate cu noul coronavirus, anunÈ›Äƒ Grupul de Comunicare StrategicÄƒ. Dintre persoanele confirmate pozitiv, 6.144 au fost declarate vindecate È™i externate...	ğŸ¥º
Ãn timp ce milioane de oameni din toatÄƒ lumea È™i-au pierdut joburile din cauza pandemiei, aproape 500 de persoane au beneficiat de pe urma crizei È™i au ajuns la statutul de miliardar. La 11 martie 2020, OrganizaÈ›ia MondialÄƒ a SÄƒnÄƒtÄƒÈ›ii a declarat...	ğŸ¥º
PÃ¢nÄƒ astÄƒzi, 13 aprilie, pe teritoriul RomÃ¢niei, au fost confirmate 6.633 de cazuri de persoane infectate cu virusul COVID â€“ 19 (coronavirus), anunÈ›Äƒ Grupul de Comunicare StrategicÄƒ. Dintre persoanele confirmate pozitiv, 914 au fost declarate vindecate...	ğŸ¥º
AstÄƒzi, 26 martie 2020, se face o lunÄƒ de cÃ¢nd Ã®n RomÃ¢nia a fost confirmat primul caz de SARS-CoV-2. BilanÈ›: aproape 1.000 de cazuri de Covid-19 È™i 17 decese. SpecialiÈ™tii se aÈ™teaptÄƒ Ã®nsÄƒ de acum Ã®ncolo la o Ã®nrÄƒutÄƒÈ›ire a situaÈ›iei.	ğŸ¥º
ÃncÄƒ 2.797 de cazuri noi de coronavirus au fost confirmate Ã®n ultimele 24 de ore dupÄƒ efectuarea a aproximativ 30.000 de teste. NumÄƒrul total al deceselor, de la debutul pandemiei, trece de 19.000.	ğŸ¥º
Imagini dezolante pe plajele din Ghana. Cel puÈ›in 80 de delfini, dar È™i un numÄƒr mare de peÈ™ti, au fost gÄƒsiÈ›i morÈ›i pe plajele din apropierea oraÅŸului Accra, capitala statului Ghana. AutoritÄƒÈ›ile locale au deschis o anchetÄƒ pentru a stabili cauzele...	ğŸ¥º
Ãn ultimele 24 de ore au fost raportate 5.343 de cazuri noi de COVID-19, un nou record al infecÈ›iilor cu coronavirus de la Ã®nceputul pandemiei. De asemenea, 107 romÃ¢ni au murit Ã®n ultima zi, cel mai mare numÄƒr de decese Ã®nregistrat pÃ¢nÄƒ acum.	ğŸ¥º
PÃ¢nÄƒ astÄƒzi, 2 aprilie, pe teritoriul RomÃ¢niei, au fost confirmate 2.738 de cazuri de persoane infectate cu virusul COVID â€“ 19 (coronavirus). Dintre persoanele confirmate pozitiv, 267 au fost declarate vindecate È™i externate din unitÄƒÈ›i spitaliceÈ™ti: 91...	ğŸ¥º
Ãn RomÃ¢nia a fost confirmat un al patrulea caz de coronavirus. Este vorba despre un bÄƒrbat din TimiÈ™oara, care a intrat Ã®n contact cu o pacientÄƒ deja diagnosticatÄƒ, care s-a Ã®ntors recent din Italia.	ğŸ¥º
Serviciul rus de securitate FSB a reÅ£inut pentru cÃ¢teva ore un diplomat ucrainean la Sankt Petersburg, a anunÅ£at sÃ¢mbÄƒtÄƒ Ministerul de Externe al Ucrainei. Acesta este cel mai recent episod survenit pe fondul creÅŸterii tensiunilor dintre cele douÄƒ Å£Äƒri...	ğŸ¥º
Deputatul USR PLUS Iulian Bulai a declarat vineri cÄƒ cei din AlianÈ›Äƒ l-au reevaluat pe Ludovic Orban, pe care Ã®n toamnÄƒ l-au refuzat pentru funcÈ›ia de premier. Acesta spune cÄƒ Ã®l vor pe Orban Ã®n locul lui Florin CÃ®È›u.	ğŸ¥º
Ãn ultimele 24 de ore au fost 1.415 cazuri noi de COVID-19, un nou record al infecÈ›iilor cu coronavirus. Au fost prelucrate 22.607 de teste. De asemenea, Ã®n ultima zi au murit 43 de romÃ¢ni din cauza COVID-19, Ã®n timp ce la terapie intensivÄƒ sunt 485 de...	ğŸ¥º
Ministrul EducaÈ›iei, Sorin CÃ®mpeanu, a afirmat cÄƒ nu a luat Ã®n calcul repetarea anului È™colar pentru elevi, deoarece aceasta este deja o opÈ›iune prezentÄƒ la Ã®ndemÃ¢na oricui.	ğŸ¥º
Ãn ultimele 24 de ore au fost depistate 4.310 de cazuri noi de infectare cu COVID-19, din 27.653 de teste. Alte 146 de persoane au murit, iar numÄƒrul pacienÈ›ilor internaÈ›i la ATI este de 1.234.	ğŸ¥º
PÃ¢nÄƒ astÄƒzi, 28 mai, pe teritoriul RomÃ¢niei, au fost confirmate 18.791 de cazuri de persoane infectate cu noul coronavirus, anunÈ›Äƒ Grupul de Comunicare StrategicÄƒ. Dintre persoanele confirmate pozitiv, 12.629 au fost declarate vindecate È™i externate...	ğŸ¥º
PÃ¢nÄƒ Ã®n acest moment, Ã®n RomÃ¢nia au fost confirmate 17.857 de cazuri de infectare cu noul coronavirus. Ãn ultimele 24 de ore au fost confirmate 145 de cazuri noi.	ğŸ¥º
Grupul olandez Royal Philips NV vinde divizia de electrocasnice, o decizie care reprezintÄƒ ieÈ™irea completÄƒ de pe pieÅ£ele care nu au legÄƒturÄƒ cu echipamentele medicale.	ğŸ¥º
TÃ¢nÄƒra Melissa Egger lucreazÄƒ pentru o firmÄƒ cu sediul Ã®n Canada. Munca e flexibilÄƒ È™i singura cerinÈ›Äƒ e sÄƒ aibÄƒ acces la internet, aÈ™a cÄƒ are libertatea sÄƒ lucreze de oriunde-i place.	ğŸ¥º
Ãn ultimele 24 de ore au fost 10.269 de cazuri noi de COVID-19. AlÈ›i 168 de romÃ¢ni au murit din cauza infecÈ›iei cu coronavirus, Ã®n timp ce la terapie intensivÄƒ sunt internaÈ›i 1.174 de pacienÈ›i COVID.	ğŸ¥º
Ãn ultimele 24 de ore au fost 1.271 de cazuri noi de COVID-19 din 6.162 de teste efectuate. AlÈ›i 30 de romÃ¢ni au murit din cauza infecÈ›iilor cu coronavirus, Ã®n timp ce la terapie intensivÄƒ sunt internaÈ›i 557 de pacienÈ›i, un nou record de de bolnavi Ã®n...	ğŸ¥º
Ãn urmÄƒ cu cÃ¢È›iva ani Oradea era un oraÈ™ gri, poluat, Ã®n mare parte din cauza vechii centrale termoenergetice care alimenta locuinÈ›ele, construitÄƒ Ã®n 1966. FuncÈ›iona pe bazÄƒ de cÄƒrbune, iar nivelul de poluare era foarte ridicat. JumÄƒtate din energia...	ğŸ¥º
Ãn ultimele 24 de ore au fost raportate 2.280 de cazuri noi de COVID-19, din 10.440 de teste efectuate. AlÈ›i 63 romÃ¢ni au murit dupÄƒ ce s-au infectat cu coronavirus, cu aproape 20 mai mulÈ›i faÈ›Äƒ de duminicÄƒ. La ATI sunt 1.098 de pacienÈ›i. DouÄƒ persoane...	ğŸ¥º
Grupul de Comunicare StrategicÄƒ a anunÈ›at un numÄƒr record de cazuri noi de Covid-19. Astfel, Ã®n ultimele 24 de ore, s-au Ã®nregistrat	ğŸ¥º
Un nou bilanÈ› Ã®ngrijorÄƒtor al infectÄƒrilor cu coronavirus. Ãn ultimele 24 de ore au fost 4.026 de cazuri noi de COVID-19 din 30.325 de teste efectuate. AlÈ›i 75 de romÃ¢ni au murit din cauza noului coronavirus, Ã®n timp ce la Terapie IntenisvÄƒ sunt...	ğŸ¥º
PÃ¢nÄƒ astÄƒzi, 16 mai, pe teritoriul RomÃ¢niei, au fost confirmate 16.704 de cazuri de persoane infectate cu noul coronavirus, anunÈ›Äƒ Grupul de Comunicare StrategicÄƒ. Dintre persoanele confirmate pozitiv, 9.574 au fost declarate vindecate È™i externate.	ğŸ¥º
344 de cazuri de COVID-19, Ã®n ultimele 24 de ore. NumÄƒrul persoanelor infectate ajunge la 4.761. Scade numÄƒrul celor aflaÈ›i la ATI	ğŸ¥º
EmigranÅ£ii cubanezi vor putea investi Ã®n mici proiecte pe insulÄƒ, de exemplu Ã®n cultivarea portocalilor, orezului ÅŸi avocado, conform portofoliului de oportunitÄƒÅ£i dezvÄƒluit de autoritÄƒÅ£ile locale, Ã®n speranÅ£a de a-ÅŸi motiva diaspora, noteazÄƒ AFP.	ğŸ¥º
Ãn RomÃ¢nia au fost confirmate, de la debutul epidemiei, 15.362 de cazuri de persoane infectate cu virusul COVID â€“ 19 (coronavirus). Dintre persoanele confirmate pozitiv, 7.051 au fost declarate vindecate È™i externate.	ğŸ¥º
Republica Moldova intrÄƒ de joi, 1 aprilie 2021, Ã®n stare de urgenÈ›Äƒ, pentru urmÄƒtoarele douÄƒ luni, inclusiv de PaÈ™te. Decizia, controversatÄƒ, a fost luatÄƒ miercuri de Parlamentul de la ChiÈ™inÄƒu cu ajutorul socialiÈ™tilor È™i al aliaÈ›ilor lor politici.	ğŸ¥º
DacÄƒ eÈ™ti romÃ¢n adevÄƒrat, Ã®È›i dau lacrimile È™i chiar plÃ¢ngi gÃ¢ndindu-te cum joacÄƒ echipa de handbal a RomÃ¢niei, spune Cristian Tudor Popescu. Perspectivele nu sunt deloc bune, pentru cÄƒ echipa nu merge, considerÄƒ gazetarul, Ã®n opinia cÄƒruia numai...	ğŸ¥º
Ãn ultimele 24 de ore au fost raportate 4.902 cazuri noi de COVID-19. CreÈ™te È™i numÄƒrul deceselor cauzate de infecÈ›ia cu noul coronavirus È™i atinge un nou record de la Ã®nceputul pandemiei. Ãntr-o singurÄƒ zi au fost raportate 98 decese. La terapie...	ğŸ¥º
Ãn ultimele 24 de ore au fost raportate 3.855 de cazuri noi de COVID-19. AlÈ›i 73 de romÃ¢ni au murit din cauza infecÈ›iei cu coronavirus, Ã®n timp ce la ATI sunt internaÈ›i 828 de pacienÈ›i COVID.	ğŸ¥º
Au apÄƒrut primele imagini cu drumul expres care ocoleÈ™te oraÈ™ul Giurgiu È™i ajunge direct Ã®n vama cu Bulgaria. Drumul de legÄƒturÄƒ dintre Drumul NaÈ›ional 5 È™i Vama Giurgiu (Podul Prieteniei) ar putea fi dat Ã®n circulaÈ›ie Ã®n acest an.	ğŸ¥º
OrganizaÈ›ia MondialÄƒ a SÄƒnÄƒtÄƒÈ›ii a declarat pandemie de coronavirus.	ğŸ¥º
Moldova va cumpÄƒra 400.000 de doze de Sinovac, vaccin chinezesc Ã®mpotriva coronavirusului, a declarat vineri ministerul sÄƒnÄƒtÄƒÈ›ii Ã®ntr-un comunicat citat de Reuters, potrivit Mediafax.	ğŸ¥º
PreÈ™edintele Klaus Iohannis va avea o È™edinÈ›Äƒ de lucru, joi de la ora 14:00, la Palatul Cotroceni, cu ministrul EducaÈ›iei Sorin CÃ®mpeanu, anunÈ›Äƒ AdministraÈ›ia PrezidenÈ›ialÄƒ.	ğŸ¥º
PET-CT este o investigaÈ›ie de medicinÄƒ nuclearÄƒ cu un rol deosebit de important Ã®n diagnosticul oncologic. PET-CT rezultÄƒ din fuzionarea imaginilor obÈ›inute prin tomografia cu emisie de pozitroni (PET) cu cele obÈ›inute prin tomografia computerizatÄƒ (CT)...	ğŸ¥º
Ãn urma testelor efectuate la nivel naÈ›ional Ã®n ultimele 24 de ore, faÈ›Äƒ de ultima raportare, au fost Ã®nregistrate 1.975 cazuri noi de persoane infectate cu SARS â€“ CoV â€“ 2 (COVID â€“ 19), acestea fiind cazuri care nu au mai avut anterior un test pozitiv.	ğŸ¥º
65,6% dintre elevii de clasa a VIII-a care au susÅ£inut simularea probelor EvaluÄƒrii NaÅ£ionale au avut medii mai mari sau egale cu 5, transmite Ministerul EducaÅ£iei. Potrivit datelor dintr-un comunicat oficial, 25 de elevi au obÈ›inut medii de 10.	ğŸ¥º
Gazetarul Cristian Tudor Popescu a intrat Ã®ntr-o polemicÄƒ jurnalisticÄƒ, vineri seara, Ã®n direct la Digi24, cu Vlad Voiculescu, proaspÄƒtul ministru demis al sÄƒnÄƒtÄƒÈ›ii, pe tema afirmaÈ›iilor pe care acesta din urmÄƒ le-a fÄƒcut Ã®n legÄƒturÄƒ cu raportarea...	ğŸ¥º
De la lipirea unui magnet pe uÈ™a frigiderului pÃ¢nÄƒ la aruncarea unei mingi de baschet Ã®n coÈ™, forÈ›ele fizicii au un rol Ã®n fiecare moment al vieÈ›ii noastre.	ğŸ¥º
Grupul de Comunicare StrategicÄƒ anunÈ›Äƒ cÄƒ pÃ¢nÄƒ astÄƒzi, 19 martie, pe teritoriul RomÃ¢niei, au fost confirmate 277 de cazuri de persoane infectate cu virusul COVID â€“ 19 (coronavirus). Dintre cele 277 de persoane confirmate pozitiv, 25 au fost declarate...	ğŸ¥º
Noi decese confirmate Ã®n rÃ¢ndul pacienÈ›ilor testaÈ›i pozitiv pentru COVID-19. BilanÈ›ul a crescut la 372, anunÈ›Äƒ Grupul de Comunicare StrategicÄƒ.	ğŸ¥º
7.067 de cazuri noi de COVID-19. NumÄƒrul pacienÈ›ilor de la terapie intensivÄƒ rÄƒmÃ¢ne Ã®ngrijorÄƒtor	ğŸ¥º
PoliÈ›iÈ™tii fac 218 percheziÈ›ii, joi dimineaÈ›Äƒ, la peste 200 de adrese din BucureÈ™ti È™i din 28 de judeÈ›e, Ã®ntr-un dosar de Ã®nÈ™elÄƒciune, evaziune fiscalÄƒ È™i spÄƒlare a banilor. Din cercetÄƒri a reieÈ™it cÄƒ o societate comercialÄƒ din CapitalÄƒ, care trebuia sÄƒ...	ğŸ¥º
Protestatarii care au fÄƒcut scandal miercuri Ã®n faÈ›a Ministerului SÄƒnÄƒtÄƒÈ›ii È™i au jignit-o pe medicul Andreea Moldovan au primit amenzi. Este vorba despre douÄƒ femei care au scandat zeci de minute Ã®mpotriva Andreei Moldovan È™i a lui Vlad Voiculescu.	ğŸ¥º
Oficialii americani din domeniul SÄƒnÄƒtÄƒÈ›ii au anunÈ›at marÈ›i cÄƒ au Ã®nceput primele teste clinice pentru un tratament Ã®mpotriva coronaviruslui, dupÄƒ ce directorul Centrului NaÈ›ional pentru Imunizare È™i Boli Respiratorii a avertizat cÄƒ izbucnirea epidemiei...	ğŸ¥º
ÃncÄƒ 2.830 de cazuri noi de infectare cu coronavirus au fost confirmate Ã®n RomÃ¢nia Ã®n ultimele 24 de ore. NumÄƒrul total al cazurilor de infectare trece astfel de 800.000 de la debutul pandemiei.	ğŸ¥º
Un campion olimpic la caiac È™i fratele sÄƒu au fost gÄƒsiÈ›i vinovaÈ›i cÄƒ au Ã®ncercat sÄƒ introducÄƒ Ã®n Australia cocainÄƒ Ã®n valoare de 200 de milioane de dolari australieni (aproximativ 152 milioane USD).	ğŸ¥º
AutoritÄƒÈ›ile au confirmat al 14-lea deces provocat de coronavirus Ã®n RomÃ¢nia. Este vorba despre un bÄƒrbat de 52 ani, internat Ã®n Spitalul Clinic JudeÈ›ean de UrgenÈ›Äƒ Suceava, care a fost confirmat pozitiv la COVID 19 in data de 23 martie 2020.	ğŸ¥º
AgenÈ›ia NaÈ›ionalÄƒ de Administrare FiscalÄƒ (ANAF) scoate la vÃ¢nzare mai multe autoturisme Ã®n perioada urmÄƒtoare prin intermediul serviciilor teritoriale. Ãn cazul Ã®n care o maÈ™inÄƒ nu se vinde la prima licitaÈ›ie, preÈ›ul scade cu 25% pentru a doua...	ğŸ¥º
Peste 700 de schiori Ã®mbrÄƒcaÈ›i doar cu bikini sau boxeri s-au strÃ¢ns pe pÃ¢rtiile din staÈ›iunea ruseascÄƒ Soci de la Marea NeagrÄƒ. Nu i-a speriat nici ceaÈ›a, nici temperatura de numai 8 grade Celsius È™i nici coronavirusul.	ğŸ¥º
Cele trei cazuri anunÈ›ate de Grupul de Comunicare StrategicÄƒ ridicÄƒ numÄƒrul infectÄƒrilor cu coronavirus la 102 persoane. Ultimele 3 cazuri sunt politicieni liberali care au participat la È™edinÈ›a PNL la care a participat È™i senatorul Vergil ChiÈ›ac...	ğŸ¥º
RomÃ¢nia rÄƒmÃ¢ne cel mai mare producÄƒtor de floarea-soarelui din Uniunea EuropeanÄƒ, ocupÃ¢nd primul loc ÅŸi Ã®n 2020, atÃ¢t Ã®n ceea ce priveÅŸte producÅ£ia, cu un total de 2,07 milioane de tone, cÃ¢t ÅŸi la suprafaÅ£a cultivatÄƒ, potrivit datelor provizorii anunÅ£ate...	ğŸ¥º
Traficul de internet realizat Ã®n reÅ£elele fixe din RomÃ¢nia a Ã®nregistrat o creÅŸtere masivÄƒ, cu peste 51%, Ã®n 2020 faÅ£Äƒ de anul anterior, Ã®n timp ce Ã®n reÅ£elele mobile s-a constatat un salt de 30%, conform datelor preliminare prezentate, joi, de cÄƒtre...	ğŸ¥º
Ãn RomÃ¢nia au fost confirmate 60.623 de cazuri de persoane infectate cu noul coronavirus (COVID â€“ 19), de la Ã®nceputul epidemiei pÃ¢nÄƒ Ã®n prezent. Ãn ultimele 24 de ore au fost Ã®nregistrate 1.350 de cazuri noi de infectare.	ğŸ¥º
Germania ÅŸi FranÅ£a au cerut, vineri, Rusiei sÄƒ retragÄƒ trupele din apropierea frontierelor Ucrainei ÅŸi sÄƒ ia mÄƒsuri pentru detensionarea situaÅ£iei, anunÅ£Äƒ Guvernul de la Berlin, potrivit Mediafax.	ğŸ¥º
Partidele de la BucureÅŸti din cadrul EURO 2020 se pot desfÄƒÅŸura cu prezenÅ£a a maximum 13.000 de spectatori Ã®n tribune, adicÄƒ 25% din capacitatea Arenei NaÅ£ionale, a anunÈ›at Ministerul Sportului. Ministrul Eduard Novak a declarat la Digi24 cÄƒ este o veste...	ğŸ¥º
CopreÈ™edintele AlianÈ›ei USR PLUS, Dan Barna, a discutat, joi, cu preÈ™edintele Klaus Iohannis, a declarat la Digi24 europarlamentarul USR PLUS DragoÈ™ Tudorache.	ğŸ¥º
ANRE aratÄƒ cÄƒ Ã®n urma sesizÄƒrilor venite de consumatori, a verificat dacÄƒ furnizorii au respectat termenele de transmitere a ofertei È™i de Ã®ncheiere a contractului, dar È™i modul Ã®n care au funcÈ›ionat call-centerele.	ğŸ¥º
Elevii romÃ¢ni ar putea Ã®nvÄƒÈ›a Ã®n trimestre, Ã®n loc de semestre, de la toamnÄƒ. Eventuala modificare a structurii anului ÅŸcolar e Ã®n discuÈ›ie acum Ã®ntre Ministerul EducaÈ›iei, sindicate, asociaÈ›iile de pÄƒrinÈ›i È™i ale elevilor. Ãn plus, din toamnÄƒ, elevii ar...	ğŸ¥º
Ãn ultimele 24 de ore au fost raportate 4.278 de cazuri noi de COVID-19, din 35.091 de teste efectuate. AlÈ›i 77 de romÃ¢ni au murit, iar la ATI sunt internaÈ›i 1.032 de pacienÈ›i. ÃncÄƒ un judeÈ› intrÄƒ Ã®n scenariul roÈ™u, este vorba de judeÈ›ul BraÈ™ov.	ğŸ¥º
Ministerul de Interne a fÄƒcut, marÅ£i, precizÄƒri cu privire la cazul bÄƒrbatului infectat cu coronavirus de la spitalul Dimitrie Gerota din BucureÅŸti. BÄƒrbatul a fost internat Ã®n 5 martie simptome diferite de cele uzuale la infectarea cu coronavirus, Ã®nsÄƒ...	ğŸ¥º
Este vorba despre femeia de 26 de ani din Hunedoara, de bÄƒrbatul de 44 ani È™i fiica acestuia Ã®n vÃ¢rstÄƒ de 16 ani, tot din Hunedoara.	ğŸ¥º
Ãn ultimele 24 de ore au fost raportate 1.109 de cazuri noi de COVID-19 din 14.784 de teste efectuate. Alte 36 de decese au fost confirmate la persoane infectate cu noul coronavirus, Ã®n timp ce la terapie intensivÄƒ sunt internaÈ›i 465 de pacienÈ›i.	ğŸ¥º
AutoritÄƒÈ›ile au mai confirmat alte douÄƒ cazuri de infectare cu coronavirus. Astfel, bilanÈ›ul a ajuns la 75 de Ã®mbolnÄƒviri.	ğŸ¥º
PreÅŸedintele ucrainean Volodimir Zelenski a solicitat sÄƒ discute cu omologul sÄƒu rus Vladimir Putin cu privire la escaladarea conflictului din estul Ucrainei, dar nu a primit deocamdatÄƒ niciun rÄƒspuns, a anunÅ£at luni purtÄƒtoarea de cuvÃ¢nt a...	ğŸ¥º
O fetiÈ›Äƒ de 12 ani, de origine romÃ¢nÄƒ, a fost recuperatÄƒ Ã®n urmÄƒ cu 2 zile de PoliÈ›ia NaÈ›ionalÄƒ spaniolÄƒ, Ã®n urma unor cÄƒutÄƒri extinse care s-au desfÄƒÈ™urat pe parcursul unei luni Ã®ntregi. Minora fusese vÃ¢ndutÄƒ pentru cÄƒsÄƒtorie de cÄƒtre pÄƒrinÈ›i.	ğŸ¥º
Ministrul EducaÈ›iei, Sorin CÃ®mpeanu, spune cÄƒ proiectul care prevede ca studenÈ›ii romÃ¢ni care vor sÄƒ studieze Ã®n afara È›Äƒrii sÄƒ primeascÄƒ o bursÄƒ de la stat reprezintÄƒ â€o discriminareâ€, din moment ce tinerii care vor sÄƒ Ã®nveÈ›e la o facultate din È›arÄƒ nu...	ğŸ¥º
ReacÈ›ia companiei vine la trei zile dupÄƒ ce mai multe È›Äƒri din Europa au oprit vaccinarea sau au suspendat unele loturi de vaccin â€ca mÄƒsurÄƒ de precauÈ›ieâ€, dupÄƒ apariÈ›ia unor cazuri severe, unele soldate cu deces, la persoane care se vaccinaserÄƒ cu...	ğŸ¥º
Un bÄƒrbat de 40 de ani a fost rÄƒnit, sÃ¢mbÄƒtÄƒ dupÄƒ-amiazÄƒ, pe o È™osea din judeÈ›ul DÃ¢mboviÈ›a, dupÄƒ ce maÈ™ina Ã®n care era, condusÄƒ de un tÃ¢nÄƒr de 19 ani, care fugea de PoliÈ›ie cu 182 de kilometri pe orÄƒ, s-a rÄƒsturnat Ã®ntr-un È™anÈ›, potrivit Mediafax.	ğŸ¥º
PÃ¢nÄƒ astÄƒzi, pe teritoriul RomÃ¢niei au fost confirmate 32.535 de cazuri de persoane infectate cu COVID-19. Ãn ultimele 24 de ore au fost Ã®nregistrate alte 456 noi cazuri de Ã®mbolnÄƒvire, potrivit bilanÈ›ului furnizat de Grupul de Comunicare StrategicÄƒ.	ğŸ¥º
PÃ¢nÄƒ astÄƒzi, pe teritoriul RomÃ¢niei, au fost confirmate 26.022 cazuri de persoane infectate cu COVID- 19. Dintre persoanele confirmate pozitiv, 18.530 au fost declarate vindecate È™i externate.	ğŸ¥º
Ãn ultimele 24 de ore au fost depistate 5.009 cazuri noi de infectare cu COVID-19, din 23.844 teste, ceea ce Ã®nseamnÄƒ o ratÄƒ de pozitivare de 21%. Alte 155 de persoane au murit, iar numÄƒrul pacienÈ›ilor internaÈ›i la ATI este de 1.252.	ğŸ¥º
Ãn ultimele 24 de ore au fost raportate 6.096 de cazuri noi de COVID-19, din 37.532 de teste. AlÈ›i 112 de romÃ¢ni au murit dupÄƒ ce s-au infectat cu coronavirus. La ATI sunt internaÈ›i 1.324 pacienÈ›i, cel mai mare numÄƒr de la Ã®nceputul pandemiei.	ğŸ¥º
Serviciul RomÃ¢n de InformaÈ›ii a reacÈ›ionat, sÃ¢mbÄƒtÄƒ, dupÄƒ ce premierul Viorica DÄƒncilÄƒ i-a cerut Ã®n regim de urgenÅ£Äƒ un raport privind persoanele care au pregÄƒtit ÅŸi provocat violenÅ£ele din PiaÅ£a Victoriei, dar ÅŸi instituÅ£iile cu atribuÅ£ii Ã®n furnizarea...	ğŸ¥º
Alte cinci cazuri de infectare cu coronavirus au fost confirmate Ã®n RomÃ¢nia. BilanÈ›ul ajunge astfel la 64 de persoane.	ğŸ¥º
Ãn ultimele 24 de ore au fost 4.016 cazuri noi de COVID-19, un nou record negativ al infecÈ›iilor cu coronavirus Ã®n RomÃ¢nia, de la Ã®nceputul pandemiei. AlÈ›i 66 de romÃ¢ni au murit din cauza COVID-19, Ã®n timp ce la terapie intensivÄƒ sunt internaÈ›i 686 de...	ğŸ¥º
usr + plus: avem 321 stiri despre usr + plus. Citeste acum toate articole despre usr + plus pe Digi24.ro	ğŸ¥º
AutoritÄƒÈ›ile au mai confirmat patru cazuri de coronavirus, astfel cÄƒ bilanÈ›ul a ajuns la 79.	ğŸ¥º
PÃ¢nÄƒ astÄƒzi, 31 mai, pe teritoriul RomÃ¢niei, au fost confirmate 19.257 de cazuri de persoane infectate cu virusul COVID â€“ 19 (coronavirus). Dintre persoanele confirmate pozitiv, 13.256 au fost declarate vindecate È™i externate.	ğŸ¥º
Ãn ultimele 24 de ore au fost raportate 3.058 de cazuri noi de COVID-19 din 35.596 de teste efectuate, PCR È™i teste rapide. AlÈ›i 71 de romÃ¢ni au murit dupÄƒ ce s-au infectat cu coronavirus. La ATI sunt 936 de pacienÈ›i.	ğŸ¥º
Ãn ultimele 24 de ore au fost 1.232 de cazuri noi de COVID-19, din 20.581 de teste efectuate. Din cauza infecÈ›iilor cu coronavirus au murit Ã®n ultimele 24 e ore 48 de pacienÈ›i, cele mai multe decese Ã®ntr-o singurÄƒ zi, de la debutul pandemiei. De...	ğŸ¥º
PreÈ™edintele Klaus Iohannis a avut joi o Ã®ntÃ¢lnire cu ministrul EducaÈ›iei Sorin CÃ®mpeanu Ã®n cadrul cÄƒreia au fost abordate teme privind sistemul educaÈ›ional, precum È™i modalitatea de derulare È™i de finalizare a anului È™colar 2020-2021, Ã®n condiÈ›ii de...	ğŸ¥º
Ãn ultimele 24 de ore au fost raportate 1.356 de cazuri noi de COVID-19, din 23.346 de teste efectuate. Este un nou record al Ã®mbolnÄƒvirilor cu coronvirus Ã®n RomÃ¢nia, de la Ã®nceputul pandemiei. De asemenea, creÈ™te È™i numÄƒrul pacienÈ›ilor internaÈ›i la ATI...	ğŸ¥º
Imagini spectaculoase transmis de pe planeta Marte de roverul Perseverance. Camera de pe braÈ›ul roverului a surprins un â€selfieâ€ cu Perseverance È™i elicopterul Ingenuiry. Elicopterul de mici dimensiuni se pregÄƒteÈ™te pentru primul zbor pe o altÄƒ planetÄƒ...	ğŸ¥º
Ãn ultimele 24 de ore au fost raportate 4.076 de cazuri noi de COVID-19 din peste 37.000 de teste. Ãn acelaÈ™i interval, 164 romÃ¢ni infectaÈ›i cu coronavirus au murit. La ATI sunt internaÈ›i 1.521 de pacienÈ›i COVID.	ğŸ¥º
Ãn ultimele 24 de ore au fost 952 de cazuri noi de COVID-19, din 14.670 de teste efectuate. Alte 39 de persoane au murit din cauza infecÈ›iei cu coronavirus, Ã®n timp ce la Terapie IntensivÄƒ sunt internaÈ›i 492 de pacienÈ›i.	ğŸ¥º
Grupul de Comunicare StrategicÄƒ anunÈ›Äƒ noi decese Ã®n rÃ¢ndul pacienÈ›ilor infectaÈ›i cu noul coronavirus. BilanÈ›ul ajunge la 841 de morÈ›i, pe teritoriul RomÃ¢niei.	ğŸ¥º
Ãn RomÃ¢nia au fost Ã®nregistrate 2.644 de noi infectÄƒri cu COVID-19 Ã®n ultimele 24 de ore, din peste 31.000 de teste. La terapie intensivÄƒ sunt Ã®n continuare internaÈ›i 958 de pacienÈ›i.	ğŸ¥º
ÃncepÃ¢nd din data de 16 aprilie, cei care vor sÄƒ se vaccineze cu AstraZeneca (Vaxzevria) o pot face pe loc, fÄƒrÄƒ a mai fi nevoie de programare. ExistÄƒ o veste bunÄƒ È™i pentru celelalte persoane, care aÈ™teaptÄƒ sÄƒ se vaccineze cu Pfizer È™i Moderna...	ğŸ¥º
TotodatÄƒ, PSD menÅ£ioneazÄƒ cÄƒ "este regretabil cÄƒ o acÈ›iune democraticÄƒ de protest paÈ™nic a fost deturnatÄƒ È™i s-a soldat cu numeroÈ™i rÄƒniÈ›i È™i pagube materiale pentru a servi unor scopuri politice ilegitime".	ğŸ¥º
Ãntr-un cartier din TÃ¢rgoviÅŸte unde este un amestec de construcÅ£ii fÄƒcute pe principiul â€atÃ¢t s-a pututâ€, se remarcÄƒ o clÄƒdire care pare a fi una de birouri. Este de fapt ÅŸcoala numÄƒrul 8 din oraÅŸ, care abia ieÅŸise din ÅŸantier la cÃ¢teva zile dupÄƒ...	ğŸ¥º
Vlad Voiculescu a vorbit la Digi24 despre relaÈ›ia cu Florin CÃ®È›u È™i care au fost momentele care au dus la â€rupturaâ€ iremediabilÄƒ, Ã®ncheiatÄƒ cu demiterea ministrului SÄƒnÄƒtÄƒÈ›ii. Voiculescu spune cÄƒ modul de a acÈ›iona al premierului este ca acela al unei...	ğŸ¥º
Ãn ultimele 24 de ore au fost 823 de cazuri noi de COVID-19, din 8.045 de teste efectuate. CreÈ™te Ã®nsÄƒ numÄƒrul romÃ¢nilor internaÈ›i la Terapie IntensivÄƒ, ajungÃ¢nd la 419 pacienÈ›i.	ğŸ¥º
RCS & RDS È™i 4iG, unul dintre operatorii de top de pe piaÈ›a de IT È™i telecomunicaÈ›ii din Ungaria, au Ã®ncheiat un acord preliminar È™i neobligatoriu pentru achiziÈ›ia DIGI TÃ¡vkÃ¶zlÃ©si SzolgÃ¡ltatÃ³ È™i a filialelor Invitel È™i I TV, se aratÄƒ Ã®ntr-un anunÈ› la...	ğŸ¥º
Mirel RÄƒdoi, antrenorul echipei naÅ£ionale de fotbal a RomÃ¢niei, a fost depistat pozitiv cu noul coronavirus, a anunÅ£at marÅ£i FederaÅ£ia RomÃ¢nÄƒ de Fotbal. SelecÈ›ionata RomÃ¢niei va juca trei meciuri Ã®n martie, toate contÃ¢nd pentru preliminariile Cupei...	ğŸ¥º
ÈšÄƒrile Uniunii Europene au cÄƒzut de acord, miercuri, sÄƒ lanseze certificatul destinat cÄƒlÄƒtoriilor pentru a redeschide turismul Ã®n aceastÄƒ varÄƒ. Decizia, agreatÄƒ la nivel de ambasadori, va fi negociatÄƒ Ã®n detaliu luna viitoare cu deputaÈ›ii europeni...	ğŸ¥º
MÄƒdÄƒlina Zamfirescu, componentÄƒ a echipei naÈ›ionale de handbal feminin a RomÃ¢niei, a vorbit despre performanÈ›a Ã®nregistratÄƒ de tricolore la Campionatul Mondial din Japonia, dar È™i despre cÃ¢t de micÄƒ poate fi diferenÈ›a Ã®ntre â€ruÈ™inea È›Äƒriiâ€ È™i â€mÃ¢ndria...	ğŸ¥º
Sute de containere de peÅŸte congelat sunt blocate Ã®n portul chinez Dalian pentru cÄƒ autoritÄƒÅ£ile vor sÄƒ testeze peÅŸtele de coronavirus Ã®nainte de a-i permite trecerea prin vamÄƒ. Un blocaj la asemenea nivel riscÄƒ sÄƒ afecteze livrÄƒrile de alimente...	ğŸ¥º
Ãn ultimele 24 de ore au fost 779 de cazuri noi din 6.607 teste efectuate. Alte 29 de persoane infectate cu coronavirus au murit, ducÃ¢nd bilanÈ›ul morÈ›ilor la 2.729. La terapie intensivÄƒ sunt internaÈ›i 476 de pacienÈ›i.	ğŸ¥º
Garda de Mediu a aplicat amenzi Ã®n valoare de aproape douÄƒ milioane de lei primÄƒriilor din CapitalÄƒ, Ã®n perioada 2020-2021, pentru poluare È™i pentru gunoaiele care se gÄƒsesc pe strÄƒzile oraÈ™ului.	ğŸ¥º
PÃ¢nÄƒ astÄƒzi, 12 aprilie, pe teritoriul RomÃ¢niei, au fost confirmate 6.300 de cazuri de persoane infectate cu virusul COVIDâ€“19 (coronavirus), anunÈ›Äƒ Grupul de Comunicare StrategicÄƒ. Dintre persoanele confirmate pozitiv, 852 au fost declarate vindecate È™i...	ğŸ¥º
AutoritÄƒÈ›ile au confirmat al optulea caz de infecÈ›ie cu coronavirus Ã®n RomÃ¢nia.	ğŸ¥º
Kremlinul apreciazÄƒ faptul cÄƒ preÈ™edintele american pledeazÄƒ, la fel ca Vladimir Putin, pentru dialog, dupÄƒ ce Joe Biden l-a invitat pe omologul sÄƒu rus la o Ã®ntÃ¢lnire organizatÄƒ Ã®ntr-o È›arÄƒ terÈ›Äƒ Ã®n urmÄƒtoarele luni pentru a discuta â€o serie Ã®ntreagÄƒ de...	ğŸ¥º
RomÃ¢nia Ã®nregistreazÄƒ un nou record al cazurilor noi de COVID-19. Ãn ultimele 24 de ore au fost Ã®nregistrate 1.112 cazuri noi, din 20.085 de teste efectuate. De asemenea, alte 25 de persoane au murit din cauza infecÈ›iei cu coronavirus.	ğŸ¥º
Ãn ultimele 24 de ore au fost raportate 5.231 de cazuri noi de COVID-19. AlÈ›i 196 de romÃ¢ni au murit dupÄƒ ce s-au infectat cu coronavirus. La terapie intensivÄƒ sunt internaÈ›i 1.466 de pacienÈ›i COVID.	ğŸ¥º
Grupul de Comunicare StrategicÄƒ anunÈ›Äƒ patru noi decese din cauza bolii COVID-19. BilanÈ›ul deceseor Ã®n RomÃ¢nia ajunge la 122.	ğŸ¥º
ÃncÄƒ 5.345 de persoane s-au infectat cu noul coronavirus Ã®n ultimele 24 de ore, Ã®n timp ce 910 pacienÈ›i sunt Ã®n stare gravÄƒ, la terapie intensivÄƒ.	ğŸ¥º
Patriarhia RomÃ¢nÄƒ spune cÄƒ Ã®ntreaga Å£arÄƒ este Ã®ngrijoratÄƒ din cauza violenÅ£elor din PiaÅ£a Victoriei ÅŸi Ã®ndeamnÄƒ la rugÄƒciune, pace, dialog ÅŸi coresponsabilitate socialÄƒ. De asemenea, Biserica afirmÄƒ cÄƒ trebuie Ã®ncurajate ÅŸi cultivate dialogul ÅŸi...	ğŸ¥º
GafÄƒ de proporÈ›ii Ã®n Parlamentul Republicii Moldova, unde a fost È›inut un moment de reculegere pentru o persoanÄƒ aflatÄƒ Ã®ncÄƒ Ã®n viaÈ›Äƒ. Este vorba de un scriitor cunoscut peste Prut, iar momentul a fost posibil din cauza unei È™tiri false, care a apÄƒrut pe...	ğŸ¥º
Grupul de Comunicare StrategicÄƒ a anunÈ›at, luni, noi decese din cauza coronavirusului. BilanÈ›ul total al persoanelor decedate a ajuns la 478.	ğŸ¥º
Grupul de Comunicare StrategicÄƒ anunÈ›Äƒ noi decese cauzate de boala COVID-19. Alte patru persoane au murit din cauza infecÈ›iei cu noul coronavirus. Cea mai tÃ¢nÄƒrÄƒ persoanÄƒ avea 36 de ani. BilanÈ›ul deceselor Ã®n RomÃ¢nia ajunge la 1205.	ğŸ¥º
PreÅŸedinta Ãnaltei CurÅ£i de CasaÅ£ie ÅŸi JustiÅ£ie, Corina Corbu, atrage atenÅ£ia cÄƒ procesele Ã®n instanÅ£e s-ar putea prelungi, dupÄƒ decizia de miercuri a CCR, care a stabilit cÄƒ hotÄƒrÃ¢rile judecÄƒtoreÅŸti nu mai pot fi pronunÅ£ate Ã®n absenÅ£a motivÄƒrii. È˜efa...	ğŸ¥º
RomÃ¢nia are Ã®ncepÃ¢nd de miercuri searÄƒ un caz de coronavirus confirmat. Victor Costache, ministrul SÄƒnÄƒtÄƒÈ›ii, È™i secretarul de stat Raed Arafat, directorul Departamentului pentru SituaÈ›ii de UrgenÈ›Äƒ, au anunÈ›at cÄƒ Ã®n casa acestei persoane mai sunt 7...	ğŸ¥º
JudecÄƒtorul ucrainean Nicolai Ceaus, care se ascunde de la autoritÄƒÅ£ile de la Kiev, a fost rÄƒpit de trei persoane din curtea unui bloc de locuit amplasat Ã®n centrul capitalei Republicii Moldova, relateazÄƒ Agerpres citÃ¢nd deschide.md.	ğŸ¥º
Statele Unite ale Americii nu mai au Ã®n plan sÄƒ retragÄƒ trupe din Germania a spus secretarul apÄƒrÄƒrii american, Lloyd Austin. Oficialul american se aflÄƒ Ã®n vizitÄƒ la Berlin.	ğŸ¥º
Compania MunicipalÄƒ Energetica Servicii transmite cÄƒ peste 10.000 de scaune din tribunele Arenei NaÅ£ionale au fost schimbate ÅŸi au fost instalate zeci de aparate de aer condiÅ£ionat Ã®n perspectiva desfÄƒÅŸurÄƒrii meciurilor de fotbal din cadrul EURO 2020...	ğŸ¥º
PÃ¢nÄƒ astÄƒzi, 5 iunie, pe teritoriul RomÃ¢niei, au fost confirmate 20.103 de cazuri de persoane infectate cu virusul COVIDâ€“19. Dintre acestea, 14.145 au fost declarate vindecate È™i externate, anunÈ›Äƒ Grupul de Comunicare StrategicÄƒ.	ğŸ¥º
PÃ¢nÄƒ astÄƒzi, 23 iunie, pe teritoriul RomÃ¢niei, au fost confirmate 24.505 cazuri de persoane infectate cu noul coronavirus. Dintre persoanele confirmate pozitiv, 17.187 au fost declarate vindecate È™i externate. PÃ¢nÄƒ astÄƒzi, 1.539 persoane diagnosticate cu...	ğŸ¥º
Ãn TimiÈ™, o porÈ›iune din autostrada TimiÈ™oara-Lugoj a fost acoperitÄƒ de gheaÈ›Äƒ Ã®n urma unui fenomen meteo mai rar Ã®ntÃ¢lnit Ã®n aceastÄƒ perioadÄƒ a anului.	ğŸ¥º
Ãn ultimele 24 de ore au fost 808 cazuri noi de COVID-19, din doar 6.348 de teste efectuate. Au fost raportate alte 23 de decese din cauza infecÈ›iilor cu coronavirus. La terapie intensivÄƒ sunt internaÈ›i 464 de pacienÈ›i cu coronavirus.	ğŸ¥º
Primarul general al Capitalei, NicuÈ™or Dan, susÈ›ine cÄƒ, Ã®n urma discuÈ›iilor pe marginea situaÈ›iei energiei termice din BucureÈ™ti, s-a convenit asupra necesitÄƒÈ›ii creÄƒrii unei centrale provizorii la fostul CET Titan, care va permite furnizarea cÄƒldurii È™i...	ğŸ¥º
PÃ¢nÄƒ astÄƒzi, 10 iunie, pe teritoriul RomÃ¢niei, au fost confirmate 20.945 de cazuri de persoane infectate cu noul coronavirus, anunÈ›Äƒ Grupul de Comunicare StrategicÄƒ. Dintre persoanele confirmate pozitiv, 15.103 au fost declarate vindecate È™i externate...	ğŸ¥º
Ãn ultimele 24 de ore au fost raportate 3.288 de cazuri noi de COVID-19, din 18.175 de teste efectuate. AlÈ›i 46 romÃ¢ni au murit dupÄƒ ce s-au infectat cu coronavirus. La ATI sunt 1093 de pacienÈ›i.	ğŸ¥º
ÃncÄƒ 13 decese provocate de coronavirus au fost anunÈ›ate vineri de Grupul de Comunicare StrategicÄƒ. NumÄƒrul total creÈ™te la 1248.	ğŸ¥º
Ãn ultimele 24 de ore au fost raportate 2.901 cazuri noi de COVID-19, din 31.294 de teste efectuate, PCR È™i teste rapide. AlÈ›i 90 de romÃ¢ni au murit dupÄƒ ce s-au infectat cu coronavirus. La terpie intensivÄƒ scade numÄƒrul pacienÈ›ilor COVID la 989.	ğŸ¥º
AutoritÄƒÈ›ile au anunÈ›at joi opt noi decese cauzate de coronavirus, totalul urcÄƒ la 1235.	ğŸ¥º
Legedele È›esute Ã®n jurul acestui pod spuneau cÄƒ Ã®nsuÈ™i Gustav Eiffel l-ar fi desenat. La peste 120 de ani distanÈ›Äƒ, a fost nevoie ca autoritÄƒÈ›ile vieneze sÄƒ ne atragÄƒ atenÈ›ia cÄƒ podul, monument istoric, necesitÄƒ reparaÈ›ii capitale.	ğŸ¥º
È˜oselele sunt inundate de tot mai mulÈ›i È™oferi tineri care sunt constant pe telefoane, Ã®n disperarea de a verifica È™i posta pe conturile sociale Ã®n timp ce È™ofeazÄƒ. AceastÄƒ tendinÈ›Äƒ deranjantÄƒ la volan pune Ã®n pericol siguranÈ›a tuturor participanÈ›ilor la...	ğŸ¥º
Ãn ultimele 24 de ore au fost raportate 3.950 de cazuri noi de COVID-19, din 33.544 de teste efectuate, PCR È™i teste rapide. AlÈ›i 106 romÃ¢ni au murit dupÄƒ ce s-au infectat cu coronavirus. La ATI sunt 1.044 de pacienÈ›i. Al patrulea judeÈ› intrÄƒ Ã®n...	ğŸ¥º
Doi codalbi care au cÄƒzut Ã®n DunÄƒre, pe raza judeÅ£ului MehedinÅ£i, au fost salvaÅ£i de doi caiaciÅŸti. Imaginile cu operaÈ›iunea de salvare au devenit virale pe Facebook.	ğŸ¥º
Legendarul automobil de teren Jeep Cherokee, un model produs de aproape 50 de ani, ar putea fi nevoit sÄƒ Ã®ÅŸi schimbe numele. È˜eful tribului amerindian cu acelaÅŸi nume a apreciat cÄƒ a venitul timpul ca firmele ÅŸi echipele sportive din SUA sÄƒ Ã®nceteze sÄƒ...	ğŸ¥º
Protest cu utilaje agricole la IaÈ™i. Fermierii au mÄƒrÈ™Äƒluit 15 kilometri prin oraÈ™, pÃ¢nÄƒ la PrefecturÄƒ. Sunt nemulÈ›umiÈ›i de subvenÈ›iile insuficiente, dupÄƒ un an Ã®n care culturile au fost calamitate din cauza vremii. Fermierii sunt nemulÈ›umiÈ›i de faptul...	ğŸ¥º
Echipa Williams a fost nevoitÄƒ sÄƒ abandoneze lansarea virtualÄƒ a noului sÄƒu monopost de Formula 1, aplicaÈ›ia proiectatÄƒ Ã®n acest sens fiind atacatÄƒ de hackeri.	ğŸ¥º
Ãn ultimele 24 de ore au fost raportate 460 de cazuri noi de coronavirus. Este cea mai mare creÈ™tere a numÄƒrului de cazuri de COVID-19 din data de 22 aprilie, cÃ¢nd au fost raportate 468 de cazuri. De asemenea, numÄƒrul raportat joi este a patra cea mai...	ğŸ¥º
Compania americanÄƒ Johnson & Johnson a cerut producÄƒtorilor rivali de vaccinuri anti-COVID-19 sÄƒ i se alÄƒture Ã®n eforturile ce vizeazÄƒ studierea riscurilor de cheaguri sangvine asociate utilizÄƒrii acestor seruri, a anunÅ£at vineri cotidianul The Wall...	ğŸ¥º
Bursa de la BucureÅŸti a depÄƒÈ™it maximul ultimilor 13 ani, adicÄƒ de la criza financiarÄƒ Ã®ncoace. Ãn ÅŸedinÅ£a de ieri, indicele BET a ajuns la 10.309,15 puncte.	ğŸ¥º
Ãn ultimele 24 de ore au fost depistate 3.952 cazuri noi de COVID-19, din 31.767 teste. Alte 63 de decese au fost raportate de autoritÄƒÈ›i din cauza infecÈ›iilor cu coronavirus. La ATI, numÄƒrul pacienÈ›ilor internaÈ›i este de 745.	ğŸ¥º
Ministrul educaÈ›iei a spus marÈ›i searÄƒ la Digi24 cÄƒ profesorul de matematicÄƒ din Suceava care a apÄƒrut fÄƒrÄƒ mascÄƒ Ã®n faÈ›a elevilor trebuie sancÈ›ionat. â€Imaginea a fost modificatÄƒ Ã®n Photoshop de cÄƒtre Inspectoratul de PoliÈ›ie Suceavaâ€, a spus Sorin...	ğŸ¥º
BÄƒrbatul din BistriÈ›a care È™i-a bÄƒtut soÈ›ia, pe stradÄƒ, sub ochii trecÄƒtorilor a fost reÈ›inut. Incidentul a fost Ã®nregistrat de camerele de supraveghere.	ğŸ¥º
Ãn ultimele 24 de ore au fost raportate 6.156 de cazuri noi de COVID-19, din 41.554 de teste efectuate. Rata de pozitivare este de 14,8%. AlÈ›i 129 de romÃ¢ni au murit dupÄƒ ce s-au infectat cu noul coronavirus. CreÈ™te din nou numÄƒrul pacienÈ›ilor internaÈ›i...	ğŸ¥º
Guvernul lui Igor Grosu, candidatul propus la funcÅ£ia de premier de preÅŸedintele Maia Sandu, nu a putut fi Ã®nvestit joi din cauza lipsei de cvorum, dupÄƒ ce deputaÅ£ii socialiÅŸti ÅŸi cei ai platformei â€Pentru Moldovaâ€ au pÄƒrÄƒsit ÅŸedinÅ£a parlamentului...	ğŸ¥º
Premierul Florin CÃ®È›u Ã®i cere lui Dan Barna, Ã®n calitate de coordonator al MS, sÄƒ spunÄƒ dacÄƒ È™tia despre faptul cÄƒ ar exista diferenÈ›e Ã®ntre cifrele raportate È™i cele reale Ã®n ceea ce priveÈ™te numÄƒrul deceselor cauzate de Covid-19.	ğŸ¥º
Tot ceremonialul a fost gÃ¢ndit chiar de cÄƒtre Philip, iar regina Elisabeta s-a asigurat cÄƒ OperaÈ›iunea Forth Bridge, numele de cod pentru funeralii, va respecta Ã®ntocmai dorinÈ›a ducelui.	ğŸ¥º
Oamenii de ÅŸtiinÅ£Äƒ israelieni au dezvoltat un nou tratament probiotic pe bazÄƒ de iaurt pentru holerÄƒ ÅŸi alte boli infecÅ£ioase ÅŸi inflamaÅ£ii, a anunÅ£at vineri Universitatea Ben Gurion (BGU) din sudul Israelului, relateazÄƒ agenÅ£ia Xinhua, citate de...	ğŸ¥º
6.118 de cazuri noi de COVID-19 au fost raportate de GCS Ã®n ultimele 24 de ore, din peste 38.000 de teste efectuate, PCR È™i rapide. Ãn acelaÈ™i interval, 133 de romÃ¢ni au murit dupÄƒ ce s-au infectat cu coronavirus. La ATI sunt 1.226 de pacienÈ›i internaÈ›i.	ğŸ¥º
Procurorii DIICOT BraÅŸov efectueazÄƒ, joi, percheziÅ£ii la domiciliul handbalistului de origine francezÄƒ Pierre Yves Ragot, au precizat, pentru AGERPRES, surse judiciare.	ğŸ¥º
Liderul PNL Ludovic Orban a transmis un avertisment dur, sÃ¢mbÄƒtÄƒ, cÄƒtre miniÈ™trii care lanseazÄƒ atacuri la adresa premierului Florin CÃ®È›u. El a atras atenÈ›ia cÄƒ miniÈ™trii care Ã®l atacÄƒ pe prim-ministru trebuie sÄƒ aibÄƒ bagajele fÄƒcute È™i demisiile scrise.	ğŸ¥º
Stadiul fizic al lucrÄƒrilor la Tronsonul 2 din Drumul Expres Craiova â€“ PiteÅŸti este de 75% ÅŸi sunt toate ÅŸansele ca acest segment sÄƒ fie finalizat Ã®n 2021, a afirmat ministrul Transporturilor, CÄƒtÄƒlin DrulÄƒ, Ã®n timpul vizitei pe care a efectuat-o pe...	ğŸ¥º
Rusia are Ã®ntre 15.000 ÅŸi 25.000 de militari Ã®n peninsula Crimeea ÅŸi la frontiera cu Ucraina, potrivit estimÄƒrilor Statelor Unite, a indicat miercuri Ã®nsÄƒrcinatul cu afaceri al SUA, Courtney Austrian, Ã®n cadrul unei reuniuni a OrganizaÅ£iei pentru...	ğŸ¥º
Un pui de urs de o lunÄƒ, probabil Ã®n cÄƒutarea mamei, a fost gÄƒsit, duminicÄƒ seara, pe marginea unui drum din judeÈ›ul Vrancea.	ğŸ¥º
Ãn ultimele 24 de ore au fost raportate 2.877 de cazuri noi de COVID-19, din 29.082 de teste efectuate, PCR È™i teste rapide. Rata de pozitivare este de 9,89%. AlÈ›i 97 de romÃ¢ni au murit dupÄƒ ce s-au infectat cu coronavius. La terapie intensivÄƒ sunt 1.002...	ğŸ¥º
5.010 cazuri noi de COVID-19 au fost raportate de GCS Ã®n ultimele 24 de ore, din 37.583 de teste efectuate, PCR È™i rapide. AlÈ›i 108 romÃ¢ni au murit dupÄƒ ce s-au infectat cu coronavirus. La ATI sunt 1.166 de persoane internate.	ğŸ¥º
RomÃ¢nia s-a clasat pe locul al doilea, dupÄƒ Ucraina, iar gimnasta Larisa Iordache abia È™i-a stÄƒpÃ¢nit lacrimile la ceremonia de premiere.	ğŸ¥º
Ãn noaptea de Ãnviere este permisÄƒ circulaÈ›ia Ã®ntre orele 22.00 È™i 05.00 doar pentru persoanele care merg la slujbele religioase, a declarat ministrul de Interne, Lucian Bode, care a transmis un mesaj pentru ca cei care nu vor merge la bisericÄƒ sÄƒ rÄƒmÃ¢nÄƒ...	ğŸ¥º
Un bÄƒrbat a fost reÅ£inut de procurorii DirecÅ£iei NaÅ£ionale AnticorupÅ£ie Ã®ntr-un dosar Ã®n care este acuzat de trafic de influenÅ£Äƒ, dupÄƒ ce, Ã®n schimbul a 4 milioane de euro, ar fi susÅ£inut cÄƒ are posibilitatea reducerii preÅ£ului de vÃ¢nzare al obiectivului...	ğŸ¥º
ÃncÄƒ 3.350 de persoane au fost infectate cu coronavirus Ã®n ultimele 24 de ore, acestea fiind cazurile confirmate dupÄƒ efectuarea a 12.234 de teste.	ğŸ¥º
Rezultatul celui de-al doilea test consecutiv pentru coronavirus fÄƒcut gorjeanului de la Matei BalÈ™ a ieÈ™it, sÃ¢mbÄƒtÄƒ seara, negativ, dupÄƒ ce un prim test, fÄƒcut vineri, dÄƒduse, la fel, un rezultat negativ.	ğŸ¥º
Pandemia a accelerat digitalizarea societÄƒÈ›ii romÃ¢neÈ™ti, Ã®nceputÄƒ Ã®n urmÄƒ cu mai mulÅ£i ani. Operatorii din industria telecomunicaÈ›iilor trag, Ã®nsÄƒ, un semnal de alarmÄƒ È™i subliniazÄƒ cÄƒ Ã®ncÄƒ existÄƒ localitÄƒÈ›i Ã®n RomÃ¢nia unde a vorbi despre soluÈ›ii...	ğŸ¥º
Un tÃ¢nÄƒr din judeÈ›ul IaÈ™i a fost condamnat la Ã®nchisoare cu suspendare deoarece a produs un accident Ã®n urma cÄƒruia mama sa È™i tatÄƒl vitreg È™i-au pierdut viaÈ›a, scrie Ziarul de IaÈ™i. Decizia nu este definitivÄƒ.	ğŸ¥º
PÃ¢nÄƒ astÄƒzi, 22 aprilie, pe teritoriul RomÃ¢niei, au fost confirmate 9.710 de cazuri de persoane infectate cu coronavirus, anunÈ›Äƒ Grupul de Comunicare StrategicÄƒ. Dintre persoanele confirmate pozitiv, 2.406 au fost declarate vindecate È™i externate...	ğŸ¥º
PreÅŸedinta Comisiei Europene, Ursula von der Leyen, Ã®n vÃ¢rstÄƒ de 62 de ani, a fÄƒcut joi prima dozÄƒ de vaccin anti-COVID, Ã®n timp ce cancelarul german Angela Merkel, Ã®n vÃ¢rstÄƒ de 66 de ani, va fi vaccinatÄƒ vineri.	ğŸ¥º
Alte opt noi decese au fost raportate, marÈ›i searÄƒ, de Grupul de Comunicare StrategicÄƒ (GCS). NumÄƒrul total al morÈ›ilor provocate de COVID-19 urcÄƒ, astfel, la 1354.	ğŸ¥º
TuÅŸeÅŸti, Ã®Å£i curge nasul, te doare Ã®n gÃ¢t ÅŸi ai febrÄƒ? Sunt simptome prin care Ã®ÅŸi este greu sÄƒ Ã®Å£i dai seama dacÄƒ ai o simplÄƒ rÄƒcealÄƒ, un virus sau o infecÅ£ie bacterianÄƒ, potrivit Deutsche Welle.	ğŸ¥º
Ãn ultimele 24 de ore au fost raportate 9.937 de cazuri de COVID-19, din 36.202 teste. AlÈ›i 130 de romÃ¢ni au murit dupÄƒ ce s-au infectat cu virusul SARS-CoV-2, Ã®n timp ce la ATI sunt internaÈ›i 1.048 de pacienÈ›i.	ğŸ¥º
Conform celor mai recente date, Ã®n ultimele 24 de ore au fost Ã®nregistrate 430 de infecÈ›ii noi. Ãn total, bilanÈ›ul cazurilor de COVID-19 ajunge la 3.613. Ãn RomÃ¢nia, au murit din cauza infecÈ›iilor cu coronavirus 140 persoane.	ğŸ¥º
NumÄƒrul celor infectaÈ›i cu coronavirus Ã®n RomÃ¢nia a ajuns la 184, potrivit celor mai recente date publicate de Institutul NaÈ›ional de SÄƒnÄƒtate PublicÄƒ.	ğŸ¥º
Decizie-surprizÄƒ Ã®n dosarul 10 August. Ancheta va fi redeschisÄƒ, la cererea unui protestatar rÄƒnit la protestul Diasporei, aÈ™a cÄƒ investigaÈ›iile vor fi reluate Ã®n privinÈ›a foÈ™tilor È™efi ai Jandarmeriei. HotÄƒrÃ¢rea CurÈ›ii de Apel BucureÈ™ti este definitivÄƒ.	ğŸ¥º
RomÃ¢nia versus Rusia este primul meci pe care naÅ£ionala de handbal feminin Ã®l are duminicÄƒ Ã®n grupa principalÄƒ 2 de la Campionatul Mondial 2019 din Japonia.	ğŸ¥º
2.580 de cazuri noi de COVID-19 au fost Ã®nregistrate Ã®n ultimele 24 de ore. Au fost raportate 73 de decese, iar numÄƒrul pacienÅ£ilor de la ATI este 954.	ğŸ¥º
6.651 de cazuri noi de COVID-19 au fost raportate de GCS Ã®n ultimele 24 de ore, din peste 40.000 de teste efectuate, PCR È™i rapide. Ãn acelaÈ™i interval, 140 de romÃ¢ni au murit dupÄƒ ce s-au infectat cu coronavirus. La ATI sunt 1.348 de pacienÈ›i internaÈ›i.	ğŸ¥º
PÃ¢nÄƒ astÄƒzi, 1 aprilie, pe teritoriul RomÃ¢niei, au fost confirmate 2.460 de cazuri de persoane infectate cu virusul COVID â€“ 19 (coronavirus). Dintre persoanele confirmate pozitiv, 252 au fost declarate vindecate È™i externate (84 la BucureÈ™ti, 56 la...	ğŸ¥º
Italia va relaxa o parte din restricÈ›iile impuse de pandemie de coronavirus È™i multe dintre zone trec din nou Ã®n "galben", ceea ce Ã®nseamnÄƒ risc moderat. Potrivit premierului Mario Draghi, din 26 aprilie, ar urma sÄƒ Ã®nceapÄƒ redeschiderea restaurantelor...	ğŸ¥º
Ministrul Transporturilor CÄƒtÄƒlin DrulÄƒ a prezentat, la finalul È™edinÈ›ei de guvern, proiectul de ordonanÈ›Äƒ de urgenÈ›Äƒ care prevede interzicerea companiilor din state care nu au acorduri cu UE la licitaÈ›iile publice din RomÃ¢nia. Printre aceste state se...	ğŸ¥º
Fostul vicepreÅŸedinte american Mike Pence, Ã®n vÃ¢rstÄƒ de 61 de ani, vÄƒzut ca un posibil candidat republican la alegerile prezidenÅ£iale din 2024, a fost operat cu succes la Washington pentru implantarea un stimulator cardiac, Ã®ntrucÃ¢t ritmul inimii sale...	ğŸ¥º
AutoritÄƒÈ›ile au confirmat, joi dimineaÈ›Äƒ, Ã®ncÄƒ douÄƒ decese din cauza coronavirusului. Astfel, bilanÈ›ul la nivel naÈ›ional a ajuns la 94.	ğŸ¥º
Bolile grave, precum cancerul gastric, pot fi vindecate dacÄƒ diagnosticul este corect È™i se alege tratamentul potrivit fiecÄƒrui stadiu al bolii. Cine decide schema de tratament pentru pacienÈ›i ne spune dr. Bogdan MarÈ›ian, medic primar Chirurgie generalÄƒ...	ğŸ¥º
RomÃ¢nia a Ã®ncheiat anul 2020 cu un deficit de aproape douÄƒ miliarde de euro Ã®n comerÅ£ul cu produse agroalimentare, Ã®n condiÅ£iile Ã®n care importurile au urcat pÃ¢nÄƒ la 8,9 miliarde de euro, iar exporturile s-au diminuat pÃ¢nÄƒ la 6,9 miliarde de euro...	ğŸ¥º
Ãn ultimele 24 de ore au fost 1.333 cazuri noi de Covid-19, din 23.030 de teste efectuate. Alte 42 de persoane au murit din cauza infecÈ›iei cu coronavirus. La terapie intensivÄƒ sunt internaÈ›i 461 de pacienÈ›i.	ğŸ¥º
Echipa naÈ›ionalÄƒ de tineret a RomÃ¢niei a Ã®ncheiat la egalitate, scor 1-1, cu selecÅ£ionata similarÄƒ a ÈšÄƒrilor de Jos, Ã®n meciul de debut la Campionatul European de Tineret, Ã®n cadrul grupei A. Adversarii RomÃ¢niei au dominat teritorial, dar tricolorii au...	ğŸ¥º
Ãn ultimele 24 de ore au fost 8.134 de cazuri noi de COVID-19, din 33.021 teste efectuate. AlÈ›i 161 de romÃ¢ni au murit dupÄƒ ce s-au infectat cu coronavirus. La ATI sunt internaÈ›i 1.249 de pacienÈ›i COVID, cel mai mare numÄƒr de pacienÈ›i Ã®n stare gravÄƒ cu...	ğŸ¥º
Ãn ultimele 24 de ore au fost raportate 4.989 de cazuri noi de COVID-19. AlÈ›i 172 de romÃ¢ni au murit dupÄƒ ce s-au infectat cu coronavirus. La terapie intensivÄƒ sunt internaÈ›i 1.495 de pacienÈ›i.	ğŸ¥º
Ãn ultimele 24 de ore au fost raportate 1.634 de cazuri noi din 10.255 de teste efectuate, PCR È™i teste rapide. AlÈ›i 47 de romÃ¢ni au murit dupÄƒ ce s-au infectat cu coronavirus. La terapie intensivÄƒ sunt 972 de pacienÈ›i COVID.	ğŸ¥º
Ãn ultimele 24 de ore au fost 637 de cazuri noi de COVID-19. PÃ¢nÄƒ astÄƒzi, 14 iulie, pe teritoriul RomÃ¢niei, au fost confirmate 33.585 de cazuri de persoane infectate cu noul coronavirus (COVID â€“ 19). Dintre persoanele confirmate pozitiv, 23.798 au fost...	ğŸ¥º
È˜ase persoane infectate cu noul coronavirus au murit, informeazÄƒ miercuri dimineaÈ›Äƒ Grupul de Comunicare StrategicÄƒ. NumÄƒrul deceselor a ajuns la 1.360.	ğŸ¥º
Au fost raportate Ã®ncÄƒ 13 decese ale unor persoane confirmate cu noul coronavirus, anunÈ›Äƒ grupul de Comunicare StrategicÄƒ.	ğŸ¥º
Angela Merkel, Ã®n vÃ¢rstÄƒ de 66 de ani, a primit, vineri, prima dozÄƒ a vaccinului Ã®mpotriva Covid-19, produs de compania AstraZeneca, iar purtÄƒtorul de cuvÃ¢nt al Guvernului de la Berlin a postat pe Twitter o imagine cu certificatul primit de cancelarul...	ğŸ¥º
Ford Motor a anunÅ£at o nouÄƒ serie de Ã®nchideri ale fabricilor din cauza deficitului global de semiconductori, fiind afectate cinci facilitÄƒÅ£i din Statele Unite ÅŸi una din Turcia, relateazÄƒ Agerpres. Al doilea mare producÄƒtor auto din SUA este prezent ÅŸi...	ğŸ¥º
Ãn ultimele 24 de ore au fost 1.059 de cazuri noi de COVID-19. PÃ¢nÄƒ Ã®n prezent, Ã®n RomÃ¢nia au fost confirmate 114.648 de cazuri de persoane infectate cu noul coronavirus. NumÄƒrul pacineÈ›ilor declaraÈ›i vindecaÈ›i ajunge la 92.169.	ğŸ¥º
Echipa femininÄƒ de handbal CSM BucureÈ™ti a ratat calificarea Ã®n Final 4-ul Ligii Campionilor, dupÄƒ ce a pierdut Ã®n dublÄƒ manÈ™Äƒ, confruntarea cu CSKA Moskova, Ã®n sferturile de finalÄƒ ale competiÈ›iei, informeazÄƒ Mediafax.	ğŸ¥º